TrackTitle,TrackDescription,FileName,Keywords,MediaCode,TrackTime,TrackCD,TrackTrack,TrackIndex,
Alarm,tone alarm repeat,ALRMElec_Tone Alarm Repeat_SCI02-662,ToneAlarmRepeat.wav | Alarms;Space Alarms & Malfunctions,Sci-Fi- II Sound Effects,0005.0,,0,0,
Alarm,tone alarm repeat sustain,ALRMSirn_Tone Alarm Repeat Sustain_SCI02-663,ToneAlarmRepeatSustain.wav | Alarms;Space Alarms & Malfunctions,Sci-Fi- II Sound Effects,0006.0,,0,0,
Alarm,tone data terminal alarm ,SCIAlrm_Tone Data Terminal Alarm_SCI02-768,ToneDataTerminalAlarm.wav | Space Drones & Electronic Tones;Space Telemetry;Alarms;Space Alarms & Malfunctions,Sci-Fi- II Sound Effects,0004.0,,0,0,
Alarm,tone oscillator alarm pulse ,ALRMElec_Tone Oscillator Alarm Pulse_SCI02-827,ToneOscillatorAlarmPulse.wav | Space Drones & Electronic Tones;Alarms;Space Alarms & Malfunctions,Sci-Fi- II Sound Effects,0014.0,,0,0,
Alarm,tone ring alarm,ALRMElec_Tone Ring Alarm_SCI02-871,ToneRingAlarm.wav | Space Drones & Electronic Tones;Alarms;Space Alarms & Malfunctions,Sci-Fi- II Sound Effects,0002.0,,0,0,
Alarm Beep,tone beep alarm chatter ,ALRMElec_Tone Beep Alarm Chatter_SCI02-687,ToneBeepAlarmChatter.wav | Alarms;Space Alarms & Malfunctions;Beeps;Space Beeps Prompts & Sonar Pings,Sci-Fi- II Sound Effects,0014.0,,0,0,
Alarm Beep,tone beep alarm chatter low ,ALRMElec_Tone Beep Alarm Chatter Low_SCI02-688,ToneBeepAlarmChatterLow.wav | Alarms;Space Alarms & Malfunctions;Beeps;Space Beeps Prompts & Sonar Pings,Sci-Fi- II Sound Effects,0014.0,,0,0,
Alarm Beep,tone beep alarm chatter medium ,ALRMElec_Tone Beep Alarm Chatter Medium_SCI02-689,ToneBeepAlarmChatterMedium.wav | Alarms;Space Alarms & Malfunctions;Beeps;Space Beeps Prompts & Sonar Pings,Sci-Fi- II Sound Effects,0023.0,,0,0,
Alarm Bell,tone bell alarm low ,ALRMElec_Tone Bell Alarm Low_SCI02-735,ToneBellAlarmLow.wav | Alarms;Space Alarms & Malfunctions;Bells,Sci-Fi- II Sound Effects,0014.0,,0,0,
Alarm Bell,tone bell alarm urgent ,ALRMBell_Tone Bell Alarm Urgent_SCI02-736,ToneBellAlarmUrgent.wav | Alarms;Space Alarms & Malfunctions;Bells,Sci-Fi- II Sound Effects,0015.0,,0,0,
Alarm Bell,tone bell alarm wah ,ALRMElec_Tone Bell Alarm Wah_SCI02-737,ToneBellAlarmWah.wav | Alarms;Space Alarms & Malfunctions;Bells,Sci-Fi- II Sound Effects,0013.0,,0,0,
Alarm Buzz,tone buzz alarm atomic ,ALRMBuzr_Tone Buzz Alarm Atomic_SCI02-752,ToneBuzzAlarmAtomic.wav | Alarms;Space Alarms & Malfunctions;Buzzers,Sci-Fi- II Sound Effects,0028.0,,0,0,
Alarm Buzz,tone buzz alarm zap ,ALRMBuzr_Tone Buzz Alarm Zap_SCI02-753,ToneBuzzAlarmZap.wav | Alarms;Space Alarms & Malfunctions;Buzzers,Sci-Fi- II Sound Effects,0004.0,,0,0,
Alarm Buzz,tone alarm buzz ,ALRMBuzr_Tone Alarm Buzz_SCI02-660,ToneAlarmBuzz.wav | Alarms;Space Alarms & Malfunctions,Sci-Fi- II Sound Effects,0037.0,,0,0,
Alarm Buzz,tone alarm buzz rasp ,ALRMBuzr_Tone Alarm Buzz Rasp_SCI02-661,ToneAlarmBuzzRasp.wav | Alarms;Space Alarms & Malfunctions,Sci-Fi- II Sound Effects,0014.0,,0,0,
Alarm Buzzer,tone buzzer alarm emergency ,ALRMBuzr_Tone Buzzer Alarm Emergency_SCI02-758,ToneBuzzerAlarmEmergency.wav | Alarms;Space Alarms & Malfunctions;Buzzers,Sci-Fi- II Sound Effects,0014.0,,0,0,
Alarm Buzzer,tone buzzer alarm fast high ,ALRMBuzr_Tone Buzzer Alarm Fast High_SCI02-759,ToneBuzzerAlarmFastHigh.wav | Alarms;Space Alarms & Malfunctions;Buzzers,Sci-Fi- II Sound Effects,0015.0,,0,0,
Alien,space alien electronic ,VOXAlien_Space Alien Electronic_SCI02-611,SpaceAlienElectronic.wav | Evil & Supernatural Voices;Sci Fi & Computer Voices,Sci-Fi- II Sound Effects,0011.0,,0,0,
Alien Crowd,space crowd alien walla chatter,VOXAlien_Space Crowd Alien Walla Chatter Near_SCI02-614,SpaceCrowdAlienWallaChatterNear.wav | Evil & Supernatural Voices;Sci Fi & Computer Voices,Sci-Fi- II Sound Effects,0023.0,,0,0,
Alien Voice,space alien voice walla ,VOXAlien_Space Alien Voice Walla_SCI02-612,SpaceAlienVoiceWalla.wav | Evil & Supernatural Voices;Sci Fi & Computer Voices,Sci-Fi- II Sound Effects,0040.0,,0,0,
Alien Voice,space alien voice walla near ,VOXAlien_Space Alien Voice Walla Near_SCI02-613,SpaceAlienVoiceWallaNear.wav | Evil & Supernatural Voices;Sci Fi & Computer Voices,Sci-Fi- II Sound Effects,0038.0,,0,0,
Arcade Video,tone dropping,SCICmpt_Tone Dropping_SCI02-776,ToneDropping.wav | Space Drones & Electronic Tones,Sci-Fi- II Sound Effects,0013.0,,0,0,
Arcade Video,tone flutter downward sustain,SCICmpt_Tone Flutter Downward Sustain_SCI02-788,ToneFlutterDownwardSustain.wav | Space Drones & Electronic Tones;Space Landings & Take Offs,Sci-Fi- II Sound Effects,0003.0,,0,0,
Arcade Video,tone flutter downward sustain micro,SCICmpt_Tone Flutter Downward Sustain Micro_SCI02-789,ToneFlutterDownwardSustainMicro.wav | Space Drones & Electronic Tones;Space Landings & Take Offs,Sci-Fi- II Sound Effects,0005.0,,0,0,
Arcade Video,tone flutter sustain,SCICmpt_Tone Flutter Sustain_SCI02-790,ToneFlutterSustain.wav | Space Drones & Electronic Tones;Space Landings & Take Offs,Sci-Fi- II Sound Effects,0005.0,,0,0,
Arcade Video,tone video game alarm,GAMEVideo_Tone Video Game Alarm_SCI02-924,ToneVideoGameAlarm.wav | Space Drones & Electronic Tones;Alarms;Space Alarms & Malfunctions,Sci-Fi- II Sound Effects,0004.0,,0,0,
Arcade Video,tone video game beep ,GAMEVideo_Tone Video Game Beep_SCI02-925,ToneVideoGameBeep.wav | Space Drones & Electronic Tones;Beeps;Space Beeps Prompts & Sonar Pings,Sci-Fi- II Sound Effects,0006.0,,0,0,
Arcade Video,tone video game old multiple ,GAMEVideo_Tone Video Game Old Multiple_SCI02-926,ToneVideoGameOldMultiple.wav | Space Drones & Electronic Tones,Sci-Fi- II Sound Effects,0106.0,,0,0,
Arcade Video,tone video game up,GAMEVideo_Tone Video Game Up_SCI02-927,ToneVideoGameUp.wav | Space Drones & Electronic Tones,Sci-Fi- II Sound Effects,0000.0,,0,0,
Arcade Video,tone thick low end zap downwards,LASRGun_Tone Thick Low End Zap Downwards_SCI02-921,ToneThickLowEndZapDownwards.wav | Space Drones & Electronic Tones;Space Lasers Rays & Photons,Sci-Fi- II Sound Effects,0004.0,,0,0,
Arcade Video Battle,laser fight shot high pitch multiple arcade,LASRGun_Laser Fight Shot High Pitch Multiple Arcade_SCI02-391,LaserFightShotHighPitchMultipleArcade.wav | Space Lasers Rays & Photons;Battle Ambiences;Sci Fi Ambiences,Sci-Fi- II Sound Effects,0032.0,,0,0,
Arcade Video Battle,laser fight shot long multiple arcade,LASRGun_Laser Fight Shot Long Multiple Arcade_SCI02-392,LaserFightShotLongMultipleArcade.wav | Space Lasers Rays & Photons;Battle Ambiences;Sci Fi Ambiences,Sci-Fi- II Sound Effects,0135.0,,0,0,
Arcade Video Battle,laser fight shot multiple arcade,LASRGun_Laser Fight Shot Multiple Arcade_SCI02-393,LaserFightShotMultipleArcade.wav | Space Lasers Rays & Photons;Battle Ambiences;Sci Fi Ambiences,Sci-Fi- II Sound Effects,0050.0,,0,0,
Arcade Video Explosion,explosions video game analog beep,GAMEVideo_Explosions bitVideo Game Analog Beep_SCI02-188,Explosions8bitVideoGameAnalogBeep.wav | Fireworks;Miscellaneous Entertainment,Sci-Fi- II Sound Effects,0100.0,,0,0,
Arcade Video Weapon,laser shot electo arcade,LASRGun_Laser Shot Electo Arcade_SCI02-458,LaserShotElectoArcade.wav | Space Lasers Rays & Photons;Battle Ambiences;Sci Fi Ambiences,Sci-Fi- II Sound Effects,0029.0,,0,0,
Arcade Video Weapon,laser shot resonance arcade,LASRGun_Laser Shot Resonance Arcade_SCI02-459,LaserShotResonanceArcade.wav | Space Lasers Rays & Photons;Battle Ambiences;Sci Fi Ambiences,Sci-Fi- II Sound Effects,0053.0,,0,0,
Arcade Video Weapon,laser shot rumble blip resonance arcade,LASRGun_Laser Shot Rumble Blip Resonance Arcade_SCI02-460,LaserShotRumbleBlipResonanceArcade.wav | Space Lasers Rays & Photons;Battle Ambiences;Sci Fi Ambiences,Sci-Fi- II Sound Effects,0029.0,,0,0,
Arcade Video Weapon,laser shot sub rumble blip arcade,LASRGun_Laser Shot Sub Rumble Blip Arcade_SCI02-461,LaserShotSubRumbleBlipArcade.wav | Space Lasers Rays & Photons;Battle Ambiences;Sci Fi Ambiences,Sci-Fi- II Sound Effects,0047.0,,0,0,
Arcade Video Weapon,laser shot zap fast arcade,LASRGun_Laser Shot Zap Fast Arcade_SCI02-462,LaserShotZapFastArcade.wav | Space Lasers Rays & Photons;Battle Ambiences;Sci Fi Ambiences,Sci-Fi- II Sound Effects,0030.0,,0,0,
Beep,ambience tone beep clicker ,AMBInsc_Ambience Tone Beep Clicker_SCI02-013,AmbienceToneBeepClicker.wav | Bells,Sci-Fi- II Sound Effects,0027.0,,0,0,
Beep,tone steady beep,UIBeep_Tone Steady Beep_SCI02-900,ToneSteadyBeep.wav | Space Drones & Electronic Tones;Beeps;Space Beeps Prompts & Sonar Pings,Sci-Fi- II Sound Effects,0000.0,,0,0,
Beep,tone ping pong beep ,BEEP_Tone Ping Pong Beep_SCI02-849,TonePingPongBeep.wav | Space Drones & Electronic Tones;Beeps;Space Beeps Prompts & Sonar Pings,Sci-Fi- II Sound Effects,0009.0,,0,0,
Beep Electronic,tone honk beep ,UIBeep_Tone Honk Beep_SCI02-796,ToneHonkBeep.wav | Space Drones & Electronic Tones;Beeps;Space Beeps Prompts & Sonar Pings,Sci-Fi- II Sound Effects,0014.0,,0,0,
Beep Electronic,tone beep blips ,UIBeep_Tone Beep Blips_SCI02-690,ToneBeepBlips.wav | Beeps;Space Beeps Prompts & Sonar Pings,Sci-Fi- II Sound Effects,0011.0,,0,0,
Beep Electronic,tone beep blips short noise ,UIBeep_Tone Beep Blips Short Noise_SCI02-691,ToneBeepBlipsShortNoise.wav | Beeps;Space Beeps Prompts & Sonar Pings,Sci-Fi- II Sound Effects,0014.0,,0,0,
Beep Electronic,tone beep buzz click a ,UIBeep_Tone Beep Buzz Click_SCI02-692,ToneBeepBuzzClickA.wav | Beeps;Space Beeps Prompts & Sonar Pings,Sci-Fi- II Sound Effects,0004.0,,0,0,
Beep Electronic,tone beep buzz click b ,UIBeep_Tone Beep Buzz Click_SCI02-693,ToneBeepBuzzClickB.wav | Beeps;Space Beeps Prompts & Sonar Pings,Sci-Fi- II Sound Effects,0004.0,,0,0,
Beep Electronic,tone beep buzz click c ,UIBeep_Tone Beep Buzz Click_SCI02-694,ToneBeepBuzzClickC.wav | Beeps;Space Beeps Prompts & Sonar Pings,Sci-Fi- II Sound Effects,0005.0,,0,0,
Beep Electronic,tone beep chatter buzz a ,UIBeep_Tone Beep Chatter Buzz_SCI02-695,ToneBeepChatterBuzzA.wav | Beeps;Space Beeps Prompts & Sonar Pings,Sci-Fi- II Sound Effects,0008.0,,0,0,
Beep Electronic,tone beep chatter buzz b ,SCICmpt_Tone Beep Chatter Buzz_SCI02-696,ToneBeepChatterBuzzB.wav | Beeps;Space Beeps Prompts & Sonar Pings,Sci-Fi- II Sound Effects,0002.0,,0,0,
Beep Electronic,tone beep chatter flap buzz ,SCICmpt_Tone Beep Chatter Flap Buzz_SCI02-697,ToneBeepChatterFlapBuzz.wav | Beeps;Space Beeps Prompts & Sonar Pings,Sci-Fi- II Sound Effects,0004.0,,0,0,
Beep Electronic,tone beep chatter flap distort ,SCICmpt_Tone Beep Chatter Flap Distort_SCI02-698,ToneBeepChatterFlapDistort.wav | Beeps;Space Beeps Prompts & Sonar Pings,Sci-Fi- II Sound Effects,0004.0,,0,0,
Beep Electronic,tone beep chatter flap high ,SCICmpt_Tone Beep Chatter Flap High_SCI02-699,ToneBeepChatterFlapHigh.wav | Beeps;Space Beeps Prompts & Sonar Pings,Sci-Fi- II Sound Effects,0004.0,,0,0,
Beep Electronic,tone beep chatter flap short hi,SCICmpt_Tone Beep Chatter Flap Short High_SCI02-700,ToneBeepChatterFlapShortHigh.wav | Beeps;Space Beeps Prompts & Sonar Pings,Sci-Fi- II Sound Effects,0000.0,,0,0,
Beep Electronic,tone beep chatter low a ,SCICmpt_Tone Beep Chatter Low_SCI02-701,ToneBeepChatterLowA.wav | Beeps;Space Beeps Prompts & Sonar Pings,Sci-Fi- II Sound Effects,0002.0,,0,0,
Beep Electronic,tone beep chatter low b ,SCICmpt_Tone Beep Chatter Low_SCI02-702,ToneBeepChatterLowB.wav | Beeps;Space Beeps Prompts & Sonar Pings,Sci-Fi- II Sound Effects,0003.0,,0,0,
Beep Electronic,tone beep chatter low long a ,SCICmpt_Tone Beep Chatter Low Long_SCI02-703,ToneBeepChatterLowLongA.wav | Beeps;Space Beeps Prompts & Sonar Pings,Sci-Fi- II Sound Effects,0010.0,,0,0,
Beep Electronic,tone beep chatter low long b ,SCICmpt_Tone Beep Chatter Low Long_SCI02-704,ToneBeepChatterLowLongB.wav | Beeps;Space Beeps Prompts & Sonar Pings,Sci-Fi- II Sound Effects,0007.0,,0,0,
Beep Electronic,tone beep chatter low short a ,SCICmpt_Tone Beep Chatter Low Short_SCI02-705,ToneBeepChatterLowShortA.wav | Beeps;Space Beeps Prompts & Sonar Pings,Sci-Fi- II Sound Effects,0003.0,,0,0,
Beep Electronic,tone beep chatter low short b ,SCICmpt_Tone Beep Chatter Low Short_SCI02-706,ToneBeepChatterLowShortB.wav | Beeps;Space Beeps Prompts & Sonar Pings,Sci-Fi- II Sound Effects,0004.0,,0,0,
Beep Electronic,tone beep chatter low short c ,SCICmpt_Tone Beep Chatter Low Short_SCI02-707,ToneBeepChatterLowShortC.wav | Beeps;Space Beeps Prompts & Sonar Pings,Sci-Fi- II Sound Effects,0002.0,,0,0,
Beep Electronic,tone beep chatter short a ,UIBeep_Tone Beep Chatter Short_SCI02-708,ToneBeepChatterShortA.wav | Beeps;Space Beeps Prompts & Sonar Pings,Sci-Fi- II Sound Effects,0001.0,,0,0,
Beep Electronic,tone beep chatter short b ,UIBeep_Tone Beep Chatter Short_SCI02-709,ToneBeepChatterShortB.wav | Beeps;Space Beeps Prompts & Sonar Pings,Sci-Fi- II Sound Effects,0001.0,,0,0,
Beep Electronic,tone beep chatter short c ,SCICmpt_Tone Beep Chatter Short_SCI02-710,ToneBeepChatterShortC.wav | Beeps;Space Beeps Prompts & Sonar Pings,Sci-Fi- II Sound Effects,0003.0,,0,0,
Beep Electronic,tone beep chatter short d ,SCICmpt_Tone Beep Chatter Short_SCI02-711,ToneBeepChatterShortD.wav | Beeps;Space Beeps Prompts & Sonar Pings,Sci-Fi- II Sound Effects,0002.0,,0,0,
Beep Electronic,tone beep chatter short low ,SCICmpt_Tone Beep Chatter Short Low_SCI02-712,ToneBeepChatterShortLow.wav | Beeps;Space Beeps Prompts & Sonar Pings,Sci-Fi- II Sound Effects,0001.0,,0,0,
Beep Electronic,tone beep chatter stream ,SCICmpt_Tone Beep Chatter Stream_SCI02-713,ToneBeepChatterStream.wav | Beeps;Space Beeps Prompts & Sonar Pings,Sci-Fi- II Sound Effects,0010.0,,0,0,
Beep Electronic,tone beep chatter stream a ,SCICmpt_Tone Beep Chatter Stream_SCI02-714,ToneBeepChatterStreamA.wav | Beeps;Space Beeps Prompts & Sonar Pings,Sci-Fi- II Sound Effects,0003.0,,0,0,
Beep Electronic,tone beep chatter stream b ,SCICmpt_Tone Beep Chatter Stream_SCI02-715,ToneBeepChatterStreamB.wav | Beeps;Space Beeps Prompts & Sonar Pings,Sci-Fi- II Sound Effects,0009.0,,0,0,
Beep Electronic,tone beep chatter stream c ,SCICmpt_Tone Beep Chatter Stream_SCI02-716,ToneBeepChatterStreamC.wav | Beeps;Space Beeps Prompts & Sonar Pings,Sci-Fi- II Sound Effects,0004.0,,0,0,
Beep Electronic,tone beep chatter stream d ,SCICmpt_Tone Beep Chatter Stream_SCI02-717,ToneBeepChatterStreamD.wav | Beeps;Space Beeps Prompts & Sonar Pings,Sci-Fi- II Sound Effects,0004.0,,0,0,
Beep Electronic,tone beep chatter stream e ,SCICmpt_Tone Beep Chatter Stream_SCI02-718,ToneBeepChatterStreamE.wav | Beeps;Space Beeps Prompts & Sonar Pings,Sci-Fi- II Sound Effects,0009.0,,0,0,
Beep Electronic,tone beep chatter vary speed a ,SCICmpt_Tone Beep Chatter Vary Speed_SCI02-719,ToneBeepChatterVarySpeedA.wav | Beeps;Space Beeps Prompts & Sonar Pings,Sci-Fi- II Sound Effects,0031.0,,0,0,
Beep Electronic,tone beep chatter vary speed b ,SCICmpt_Tone Beep Chatter Vary Speed_SCI02-720,ToneBeepChatterVarySpeedB.wav | Beeps;Space Beeps Prompts & Sonar Pings,Sci-Fi- II Sound Effects,0031.0,,0,0,
Beep Electronic,tone beep chirper ,UIBeep_Tone Beep Chirper_SCI02-721,ToneBeepChirper.wav | Beeps;Space Beeps Prompts & Sonar Pings,Sci-Fi- II Sound Effects,0039.0,,0,0,
Beep Electronic,tone beep chirper low ,UIBeep_Tone Beep Chirper Low_SCI02-722,ToneBeepChirperLow.wav | Beeps;Space Beeps Prompts & Sonar Pings,Sci-Fi- II Sound Effects,0008.0,,0,0,
Beep Electronic,tone beep dual short,UIBeep_Tone Beep Dual Short_SCI02-723,ToneBeepDualShort.wav | Beeps;Space Beeps Prompts & Sonar Pings,Sci-Fi- II Sound Effects,0000.0,,0,0,
Beep Electronic,tone beep high pure ,UIBeep_Tone Beep High Pure_SCI02-724,ToneBeepHighPure.wav | Beeps;Space Beeps Prompts & Sonar Pings,Sci-Fi- II Sound Effects,0006.0,,0,0,
Beep Electronic,tone beep high rasp medical ,UIBeep_Tone Beep High Rasp Medical_SCI02-725,ToneBeepHighRaspMedical.wav | Beeps;Space Beeps Prompts & Sonar Pings,Sci-Fi- II Sound Effects,0013.0,,0,0,
Beep Electronic,tone beep high squeel ,SCIAlrm_Tone Beep High Squeel_SCI02-726,ToneBeepHighSqueel.wav | Beeps;Space Beeps Prompts & Sonar Pings,Sci-Fi- II Sound Effects,0013.0,,0,0,
Beep Electronic,tone beep high varied cricket ,SCICmpt_Tone Beep High Varied Cricket_SCI02-727,ToneBeepHighVariedCricket.wav | Beeps;Space Beeps Prompts & Sonar Pings,Sci-Fi- II Sound Effects,0019.0,,0,0,
Beep Electronic,tone beep multiple ,UIBeep_Tone Beep Multiple_SCI02-728,ToneBeepMultiple.wav | Beeps;Space Beeps Prompts & Sonar Pings,Sci-Fi- II Sound Effects,0012.0,,0,0,
Beep Electronic,tone beep pure irregular ,BEEP_Tone Beep Pure Irregular_SCI02-729,ToneBeepPureIrregular.wav | Beeps;Space Beeps Prompts & Sonar Pings,Sci-Fi- II Sound Effects,0017.0,,0,0,
Beep Electronic,tone beep pure medium ,BEEP_Tone Beep Pure Medium_SCI02-730,ToneBeepPureMedium.wav | Beeps;Space Beeps Prompts & Sonar Pings,Sci-Fi- II Sound Effects,0003.0,,0,0,
Beep Electronic,tone beep pure steady ,BEEP_Tone Beep Pure Steady_SCI02-731,ToneBeepPureSteady.wav | Beeps;Space Beeps Prompts & Sonar Pings,Sci-Fi- II Sound Effects,0010.0,,0,0,
Beep Electronic,tone beeps distorted video game,GAMEVideo_Tone Beeps Distorted Video Game_SCI02-732,ToneBeepsDistortedVideoGame.wav | Beeps;Space Beeps Prompts & Sonar Pings,Sci-Fi- II Sound Effects,0043.0,,0,0,
Beep Electronic,tone beep spurts,BEEP_Tone Beep Spurts_SCI02-733,ToneBeepSpurts.wav | Beeps;Space Beeps Prompts & Sonar Pings,Sci-Fi- II Sound Effects,0107.0,,0,0,
Beep Electronic,tone beep tricorder sputter ,BEEP_Tone Beep Tricorder Sputter_SCI02-734,ToneBeepTricorderSputter.wav | Beeps;Space Beeps Prompts & Sonar Pings,Sci-Fi- II Sound Effects,0117.0,,0,0,
Beep Hang Up,communication device beep hang up receiver,MACHOffc_Communication Device Beep Hang Up Receiver_SCI02-145,CommunicationDeviceBeepHangUpReceiver.wav | Space Buttons Switches & Panels;Space Beeps Prompts & Sonar Pings,Sci-Fi- II Sound Effects,0001.0,,0,0,
Beep Ringing,tone digital ringing,MACHOffc_Tone Digital Ringing_SCI02-770,ToneDigitalRinging.wav | Space Drones & Electronic Tones;Beeps;Space Beeps Prompts & Sonar Pings,Sci-Fi- II Sound Effects,0042.0,,0,0,
Bell Bend,bell tone bend down ,BELLMisc_Bell Tone Bend Down_SCI02-066,BellToneBendDown.wav | Bells;Space Drones & Electronic Tones,Sci-Fi- II Sound Effects,0003.0,,0,0,
Bell Bend,bell tone bend down double w,BELLMisc_Bell Tone Bend Down Double 11 DE_SCI02-067,BellToneBendDownDouble.wav  | Bells;Space Drones & Electronic Tones,Sci-Fi- II Sound Effects,0003.0,,0,0,
Bell Bend,bell tone bend medium w,BELLHand_Bell Tone Bend Medium AD A_SCI02-068,BellToneBendMedium.wav  | Bells;Space Drones & Electronic Tones,Sci-Fi- II Sound Effects,0003.0,,0,0,
Bell Bend,bell tone bend a w,BELLMisc_Bell Tone Bend Up D 37_SCI02-069,BellToneBendUpA.wav  | Bells;Space Drones & Electronic Tones,Sci-Fi- II Sound Effects,0003.0,,0,0,
Bell Bend,bell tone bend b w,BELLMisc_Bell Tone Bend Up 75 CD_SCI02-070,BellToneBendUpB.wav  | Bells;Space Drones & Electronic Tones,Sci-Fi- II Sound Effects,0003.0,,0,0,
Bell Bend,bell tone bend c ,BELLMisc_Bell Tone Bend Up_SCI02-071,BellToneBendUpC.wav | Bells;Space Drones & Electronic Tones,Sci-Fi- II Sound Effects,0002.0,,0,0,
Bell Bend,bell tone bend down w,BELLHand_Bell Tone Bend Up Down 5299_SCI02-072,BellToneBendUpDown.wav  | Bells;Space Drones & Electronic Tones,Sci-Fi- II Sound Effects,0003.0,,0,0,
Bell Church,bell church ring near a ,BELLLrg_Bell Church Ring Near_SCI02-015,BellChurchRingNearA.wav | Bells;Churches,Sci-Fi- II Sound Effects,0100.0,,0,0,
Bell Church,bell church ring near b ,BELLLrg_Bell Church Ring Near_SCI02-016,BellChurchRingNearB.wav | Bells;Churches,Sci-Fi- II Sound Effects,0043.0,,0,0,
Bell Electronic,bell electronic clank drown ,MUSCBell_Bell Electronic Clank Drown_SCI02-017,BellElectronicClankDrown.wav | Bells,Sci-Fi- II Sound Effects,0009.0,,0,0,
Bell Electronic,tone bell synthetic,MUSCSynth_Tone Bell Synthetic_SCI02-738,ToneBellSyntheticA.wav | Bells,Sci-Fi- II Sound Effects,0010.0,,0,0,
Bell Electronic,tone bell synthetic,MUSCSynth_Tone Bell Synthetic_SCI02-739,ToneBellSyntheticB.wav | Bells,Sci-Fi- II Sound Effects,0020.0,,0,0,
Bell Magic,bell magic fairy constant ,MAGShim_Bell Magic Fairy Constant_SCI02-018,BellMagicFairy Constant.wav | Bells;Magic Spells Fantasy Accents & Glisses,Sci-Fi- II Sound Effects,0013.0,,0,0,
Bell Magic,bell magic fairy a w,MAGShim_Bell Magic Fairy 2248_SCI02-019,BellMagicFairyA.wav  | Bells;Magic Spells Fantasy Accents & Glisses,Sci-Fi- II Sound Effects,0004.0,,0,0,
Bell Magic,bell magic fairy b ,MAGShim_Bell Magic Fairy_SCI02-020,BellMagicFairyB.wav | Bells;Magic Spells Fantasy Accents & Glisses,Sci-Fi- II Sound Effects,0004.0,,0,0,
Bell Magic,bell magic fairy c ,MAGShim_Bell Magic Fairy_SCI02-021,BellMagicFairyC.wav | Bells;Magic Spells Fantasy Accents & Glisses,Sci-Fi- II Sound Effects,0001.0,,0,0,
Bell Magic,bell magic fairy d ,MAGShim_Bell Magic Fairy_SCI02-022,BellMagicFairyD.wav | Bells;Magic Spells Fantasy Accents & Glisses,Sci-Fi- II Sound Effects,0004.0,,0,0,
Bell Mystical,bell mystical dream electronic,MAGShim_Bell Mystical Dream Electronic Sprinkle_SCI02-023,BellMysticalDreamElectronicSprinkle.wav | Bells;Magic Spells Fantasy Accents & Glisses;Fantasy Ambiences,Sci-Fi- II Sound Effects,0427.0,,0,0,
Bell Sleigh,bell sleigh ring a ,BELLHand_Bell Sleigh Ring_SCI02-024,BellSleighRingA.wav | Bells,Sci-Fi- II Sound Effects,0009.0,,0,0,
Bell Sleigh,bell sleigh ring b ,BELLHand_Bell Sleigh Ring_SCI02-025,BellSleighRingB.wav | Bells,Sci-Fi- II Sound Effects,0011.0,,0,0,
Bell Sleigh,bell sleigh ring c ,BELLHand_Bell Sleigh Ring_SCI02-026,BellSleighRingC.wav | Bells,Sci-Fi- II Sound Effects,0015.0,,0,0,
Bell Sleigh,bell sleigh ring d ,BELLHand_Bell Sleigh Ring_SCI02-027,BellSleighRingD.wav | Bells,Sci-Fi- II Sound Effects,0003.0,,0,0,
Bell Sleigh,bell sleigh ring e ,BELLHand_Bell Sleigh Ring_SCI02-028,BellSleighRingE.wav | Bells,Sci-Fi- II Sound Effects,0006.0,,0,0,
Bell Sleigh,bell sleigh ring f ,BELLHand_Bell Sleigh Ring_SCI02-029,BellSleighRingF.wav | Bells,Sci-Fi- II Sound Effects,0003.0,,0,0,
Bell Sleigh,bell sleigh ring multiple ,BELLHand_Bell Sleigh Ring Multiple_SCI02-030,BellSleighRingMultiple.wav | Bells,Sci-Fi- II Sound Effects,0030.0,,0,0,
Bell Temple,bell temple ring hit big,BELLGong_Bell Temple Ring Hit Big_SCI02-031,BellTempleRingHitBigA.wav | Bells;Churches,Sci-Fi- II Sound Effects,0006.0,,0,0,
Bell Temple,bell temple ring hit big ,BELLGong_Bell Temple Ring Hit Big_SCI02-032,BellTempleRingHitBigB.wav | Bells;Churches,Sci-Fi- II Sound Effects,0006.0,,0,0,
Bell Temple,bell temple ring hit high ,BELLGong_Bell Temple Ring Hit High_SCI02-033,BellTempleRingHitHigh.wav | Bells;Churches,Sci-Fi- II Sound Effects,0005.0,,0,0,
Bell Temple,bell temple ring hit med a ,BELLGong_Bell Temple Ring Hit Med_SCI02-034,BellTempleRingHitMedA.wav | Bells;Churches,Sci-Fi- II Sound Effects,0005.0,,0,0,
Bell Temple,bell temple ring hit med b ,BELLGong_Bell Temple Ring Hit Med_SCI02-035,BellTempleRingHitMedB.wav | Bells;Churches,Sci-Fi- II Sound Effects,0008.0,,0,0,
Bell Temple,bell temple ring hit med c ,BELLGong_Bell Temple Ring Hit Med_SCI02-036,BellTempleRingHitMedC.wav | Bells;Churches,Sci-Fi- II Sound Effects,0008.0,,0,0,
Bell Temple,bell temple ring hit med ,BELLGong_Bell Temple Ring Hit Med_SCI02-037,BellTempleRingHitMedD.wav | Bells;Churches,Sci-Fi- II Sound Effects,0004.0,,0,0,
Bell Temple,bell temple ring hits small a ,BELLHand_Bell Temple Ring Hits Small_SCI02-038,BellTempleRingHitsSmallA.wav | Bells;Churches,Sci-Fi- II Sound Effects,0004.0,,0,0,
Bell Temple,bell temple ring hits small b ,BELLHand_Bell Temple Ring Hits Small_SCI02-039,BellTempleRingHitsSmallB.wav | Bells;Churches,Sci-Fi- II Sound Effects,0004.0,,0,0,
Bell Temple,bell temple ring hits small c ,BELLHand_Bell Temple Ring Hits Small_SCI02-040,BellTempleRingHitsSmallC.wav | Bells;Churches,Sci-Fi- II Sound Effects,0004.0,,0,0,
Bell Temple,bell temple ring hits small d ,BELLHand_Bell Temple Ring Hits Small_SCI02-041,BellTempleRingHitsSmallD.wav | Bells;Churches,Sci-Fi- II Sound Effects,0004.0,,0,0,
Bell Temple,bell temple ring multiple light,BELLHand_Bell Temple Ring Multiple Light_SCI02-042,BellTempleRingMultiple_Light.wav | Bells;Churches,Sci-Fi- II Sound Effects,0028.0,,0,0,
Bell Temple,bell temple ring multiple a ,BELLHand_Bell Temple Ring Multiple_SCI02-043,BellTempleRingMultipleA.wav | Bells;Churches,Sci-Fi- II Sound Effects,0032.0,,0,0,
Bell Temple,bell temple ring multiple b ,BELLHand_Bell Temple Ring Multiple_SCI02-044,BellTempleRingMultipleB.wav | Bells;Churches,Sci-Fi- II Sound Effects,0421.0,,0,0,
Bell Temple,bell temple ring multiple c ,BELLHand_Bell Temple Ring Multiple_SCI02-045,BellTempleRingMultipleC.wav | Bells;Churches,Sci-Fi- II Sound Effects,1422.0,,0,0,
Bell Temple,bell temple ring multiple d ,BELLHand_Bell Temple Ring Multiple_SCI02-046,BellTempleRingMultipleD.wav | Bells;Churches,Sci-Fi- II Sound Effects,0030.0,,0,0,
Bell Temple,bell temple ring multiple e ,BELLHand_Bell Temple Ring Multiple_SCI02-047,BellTempleRingMultipleE.wav | Bells;Churches,Sci-Fi- II Sound Effects,0059.0,,0,0,
Bell Temple,bell temple ring multiple f ,BELLHand_Bell Temple Ring Multiple_SCI02-048,BellTempleRingMultipleF.wav | Bells;Churches,Sci-Fi- II Sound Effects,0044.0,,0,0,
Bell Temple,bell temple ring multiple g ,BELLHand_Bell Temple Ring Multiple_SCI02-049,BellTempleRingMultipleG.wav | Bells;Churches,Sci-Fi- II Sound Effects,0044.0,,0,0,
Bell Temple,bell temple ring multiple h ,BELLHand_Bell Temple Ring Multiple_SCI02-050,BellTempleRingMultipleH.wav | Bells;Churches,Sci-Fi- II Sound Effects,0106.0,,0,0,
Bell Temple,bell temple ring multiple l ,BELLHand_Bell Temple Ring Multiple_SCI02-051,BellTempleRingMultipleI.wav | Bells;Churches,Sci-Fi- II Sound Effects,0019.0,,0,0,
Bell Temple,bell temple ring multiple j ,BELLHand_Bell Temple Ring Multiple_SCI02-052,BellTempleRingMultipleJ.wav | Bells;Churches,Sci-Fi- II Sound Effects,0916.0,,0,0,
Bell Temple,bell temple ring multiple k ,BELLHand_Bell Temple Ring Multiple_SCI02-053,BellTempleRingMultipleK.wav | Bells;Churches,Sci-Fi- II Sound Effects,0030.0,,0,0,
Bell Temple,bell temple ring multiple,BELLHand_Bell Temple Ring Multiple_SCI02-054,BellTempleRingMultipleL.wav | Bells;Churches,Sci-Fi- II Sound Effects,0019.0,,0,0,
Bell Temple,bell temple ring multiple,BELLGong_Bell Temple Ring Multiple_SCI02-055,BellTempleRingMultipleM.wav | Bells;Churches,Sci-Fi- II Sound Effects,0029.0,,0,0,
Bell Temple,bell temple ring multiple,BELLHand_Bell Temple Ring Multiple_SCI02-056,BellTempleRingMultipleN.wav | Bells;Churches,Sci-Fi- II Sound Effects,0022.0,,0,0,
Bell Temple,bell temple ring multiple ,BELLGong_Bell Temple Ring Multiple_SCI02-057,BellTempleRingMultipleO.wav | Bells;Churches,Sci-Fi- II Sound Effects,0316.0,,0,0,
Bell Temple,bell temple ring out ,BELLHand_Bell Temple Ring Out_SCI02-058,BellTempleRingOut.wav | Bells;Churches,Sci-Fi- II Sound Effects,0242.0,,0,0,
Bell Temple,bell temple ring out multiple ,BELLHand_Bell Temple Ring Out Multiple_SCI02-059,BellTempleRingOutMultiple.wav | Bells;Churches,Sci-Fi- II Sound Effects,0242.0,,0,0,
Bell Temple,bell temple small multiple ,BELLHand_Bell Temple Small Multiple_SCI02-060,BellTempleSmallMultiple.wav | Bells;Churches,Sci-Fi- II Sound Effects,0041.0,,0,0,
Bell Temple,bell temple small sprinkle ,BELLHand_Bell Temple Small Sprinkle_SCI02-061,BellTempleSmallSprinkle.wav | Bells;Churches,Sci-Fi- II Sound Effects,0055.0,,0,0,
Bell Temple Thai,bell temple thai small a ,BELLHand_Bell Temple Thai Small_SCI02-062,BellTempleThaiSmallA.wav | Bells;Churches,Sci-Fi- II Sound Effects,0007.0,,0,0,
Bell Temple Thai,bell temple thai small b ,BELLHand_Bell Temple Thai Small_SCI02-063,BellTempleThaiSmallB.wav | Bells;Churches,Sci-Fi- II Sound Effects,0011.0,,0,0,
Bell Temple Thai,bell temple thai small c ,BELLHand_Bell Temple Thai Small_SCI02-064,BellTempleThaiSmallC.wav | Bells;Churches,Sci-Fi- II Sound Effects,0007.0,,0,0,
Bell Tibetan,bell tibeten ring hits ,BELLHand_Bell Tibeten Ring Hits_SCI02-065,BellTibetenRingHits.wav | Bells;Churches,Sci-Fi- II Sound Effects,0017.0,,0,0,
Bell Tree Gliss,bell tree gliss low slow a w,MUSCChim_Bell Tree Gliss Low Slow 79 0_SCI02-073,BellTreeGlissLowSlowA.wav  | Bells;Bell & Bell Tree Music,Sci-Fi- II Sound Effects,0004.0,,0,0,
Bell Tree Gliss,bell tree gliss low slow b w,MUSCChim_Bell Tree Gliss Low Slow 015_SCI02-074,BellTreeGlissLowSlowB.wav  | Bells;Bell & Bell Tree Music,Sci-Fi- II Sound Effects,0005.0,,0,0,
Bell Tree Gliss,bell tree gliss ring down ,MUSCChim_Bell Tree Gliss Ring Down_SCI02-075,BellTreeGlissRingDown.wav | Bells;Bell & Bell Tree Music,Sci-Fi- II Sound Effects,0004.0,,0,0,
Bell Tree Gliss,bell tree gliss ring down fast,MUSCChim_Bell Tree Gliss Ring Down Fast_SCI02-076,BellTreeGlissRingDownFastA.wav | Bells;Bell & Bell Tree Music,Sci-Fi- II Sound Effects,0005.0,,0,0,
Bell Tree Gliss,bell tree gliss ring down fast,MUSCChim_Bell Tree Gliss Ring Down Fast_SCI02-077,BellTreeGlissRingDownFastB.wav | Bells;Bell & Bell Tree Music,Sci-Fi- II Sound Effects,0005.0,,0,0,
Bell Tree Gliss,bell tree gliss ring down fast,MUSCChim_Bell Tree Gliss Ring Down Fast_SCI02-078,BellTreeGlissRingDownFastC.wav | Bells;Bell & Bell Tree Music,Sci-Fi- II Sound Effects,0005.0,,0,0,
Bell Tree Gliss,bell tree gliss ring down shoot,MUSCChim_Bell Tree Gliss Ring Down Shoot_SCI02-079,BellTreeGlissRingDownShootA.wav | Bells;Bell & Bell Tree Music,Sci-Fi- II Sound Effects,0006.0,,0,0,
Bell Tree Gliss,bell tree gliss ring down shoot,MUSCChim_Bell Tree Gliss Ring Down Shoot_SCI02-080,BellTreeGlissRingDownShootB.wav | Bells;Bell & Bell Tree Music,Sci-Fi- II Sound Effects,0006.0,,0,0,
Bell Tree Gliss,bell tree gliss ring down shoot,MUSCChim_Bell Tree Gliss Ring Down Shoot_SCI02-081,BellTreeGlissRingDownShootC.wav | Bells;Bell & Bell Tree Music,Sci-Fi- II Sound Effects,0004.0,,0,0,
Bell Tree Gliss,bell tree gliss ring fast chop,MUSCChim_Bell Tree Gliss Ring Fast Chop_SCI02-082,BellTreeGlissRingFastChopA.wav | Bells;Bell & Bell Tree Music,Sci-Fi- II Sound Effects,0007.0,,0,0,
Bell Tree Gliss,bell tree gliss ring fast chop,MUSCChim_Bell Tree Gliss Ring Fast Chop_SCI02-083,BellTreeGlissRingFastChopB.wav | Bells;Bell & Bell Tree Music,Sci-Fi- II Sound Effects,0003.0,,0,0,
Bell Tree Gliss,bell tree gliss ring slow chop ,MUSCChim_Bell Tree Gliss Ring Slow Chop_SCI02-084,BellTreeGlissRingSlowChop.wav | Bells;Bell & Bell Tree Music,Sci-Fi- II Sound Effects,0004.0,,0,0,
Bell Tree Gliss,bell tree gliss ring slow sprin,MUSCChim_Bell Tree Gliss Ring Slow Up Sprinkle_SCI02-085,BellTreeGlissRingSlowUpSprinkleA.wav | Bells;Bell & Bell Tree Music,Sci-Fi- II Sound Effects,0005.0,,0,0,
Bell Tree Gliss,bell tree gliss ring slow sprin,MUSCChim_Bell Tree Gliss Ring Slow Up Sprinkle_SCI02-086,BellTreeGlissRingSlowUpSprinkleB.wav | Bells;Bell & Bell Tree Music,Sci-Fi- II Sound Effects,0004.0,,0,0,
Bell Tree Gliss,bell tree gliss ring sprinkle u,MUSCChim_Bell Tree Gliss Ring Sprinkle Up_SCI02-087,BellTreeGlissRingSprinkleUp.wav | Bells;Bell & Bell Tree Music,Sci-Fi- II Sound Effects,0004.0,,0,0,
Bell Tree Gliss,bell tree gliss ring up ,MUSCChim_Bell Tree Gliss Ring Up_SCI02-088,BellTreeGlissRingUp.wav | Bells;Bell & Bell Tree Music,Sci-Fi- II Sound Effects,0005.0,,0,0,
Bell Tree Gliss,bell tree gliss ring fast a ,MUSCChim_Bell Tree Gliss Ring Up Fast_SCI02-089,BellTreeGlissRingUpFastA.wav | Bells;Bell & Bell Tree Music,Sci-Fi- II Sound Effects,0005.0,,0,0,
Bell Tree Gliss,bell tree gliss ring fast b ,MUSCChim_Bell Tree Gliss Ring Up Fast_SCI02-090,BellTreeGlissRingUpFastB.wav | Bells;Bell & Bell Tree Music,Sci-Fi- II Sound Effects,0003.0,,0,0,
Bell Tree Gliss,bell tree gliss ring medium ,MUSCChim_Bell Tree Gliss Ring Up Medium_SCI02-091,BellTreeGlissRingUpMedium.wav | Bells;Bell & Bell Tree Music,Sci-Fi- II Sound Effects,0004.0,,0,0,
Bell Tree Gliss,bell tree gliss ring slow ,MUSCChim_Bell Tree Gliss Ring Up Slow_SCI02-092,BellTreeGlissRingUpSlow.wav | Bells;Bell & Bell Tree Music,Sci-Fi- II Sound Effects,0004.0,,0,0,
Bell Tree Gliss,bell tree gliss ring slow sprin,MUSCChim_Bell Tree Gliss Ring Up Slow Sprinkle_SCI02-093,BellTreeGlissRingUpSlowSprinkle.wav | Bells;Bell & Bell Tree Music,Sci-Fi- II Sound Effects,0005.0,,0,0,
Bell Tree Gliss,bell tree gliss slow glide a ,MUSCChim_Bell Tree Gliss Slow Glide_SCI02-094,BellTreeGlissSlowGlideA.wav | Bells;Bell & Bell Tree Music,Sci-Fi- II Sound Effects,0005.0,,0,0,
Bell Tree Gliss,bell tree gliss slow glide b ,MUSCChim_Bell Tree Gliss Slow Glide_SCI02-095,BellTreeGlissSlowGlideB.wav | Bells;Bell & Bell Tree Music,Sci-Fi- II Sound Effects,0004.0,,0,0,
Bell Tree Gliss,bell tree gliss slow glide c ,MUSCChim_Bell Tree Gliss Slow Glide_SCI02-096,BellTreeGlissSlowGlideC.wav | Bells;Bell & Bell Tree Music,Sci-Fi- II Sound Effects,0004.0,,0,0,
Bell Tree Gliss,bell tree gliss slow sprinkle a,MUSCChim_Bell Tree Gliss Slow Sprinkle_SCI02-097,BellTreeGlissSlowSprinkleA.wav | Bells;Bell & Bell Tree Music,Sci-Fi- II Sound Effects,0005.0,,0,0,
Bell Tree Gliss,bell tree gliss slow sprinkle b,MUSCChim_Bell Tree Gliss Slow Sprinkle_SCI02-098,BellTreeGlissSlowSprinkleB.wav | Bells;Bell & Bell Tree Music,Sci-Fi- II Sound Effects,0005.0,,0,0,
Bell Tree Gliss,bell tree gliss slow sprinkle c,MUSCChim_Bell Tree Gliss Slow Sprinkle_SCI02-099,BellTreeGlissSlowSprinkleC.wav | Bells;Bell & Bell Tree Music,Sci-Fi- II Sound Effects,0004.0,,0,0,
Bell Tree Gliss,bell tree gliss slow sprinkle d,MUSCChim_Bell Tree Gliss Slow Sprinkle_SCI02-100,BellTreeGlissSlowSprinkleD.wav | Bells;Bell & Bell Tree Music,Sci-Fi- II Sound Effects,0006.0,,0,0,
Bell Tree Gliss,bell tree gliss sprinkle spray,MUSCChim_Bell Tree Gliss Sprinkle Spray_SCI02-101,BellTreeGlissSprinkleSprayA.wav | Bells;Bell & Bell Tree Music,Sci-Fi- II Sound Effects,0005.0,,0,0,
Bell Tree Gliss,bell tree gliss sprinkle spray,MUSCChim_Bell Tree Gliss Sprinkle Spray_SCI02-102,BellTreeGlissSprinkleSprayB.wav | Bells;Bell & Bell Tree Music,Sci-Fi- II Sound Effects,0012.0,,0,0,
Bell Tree Gliss,bell tree gliss sprinkle star ,MUSCChim_Bell Tree Gliss Sprinkle Star_SCI02-103,BellTreeGlissSprinkleStar.wav | Bells;Bell & Bell Tree Music,Sci-Fi- II Sound Effects,0006.0,,0,0,
Bell Triangle,bell triangle ring roll a ,MUSCBell_Bell Triangle Ring Roll_SCI02-104,BellTriangleRingRollA.wav | Bells;Bell & Bell Tree Music,Sci-Fi- II Sound Effects,0005.0,,0,0,
Bell Triangle,bell triangle ring roll b ,MUSCBell_Bell Triangle Ring Roll_SCI02-105,BellTriangleRingRollB.wav | Bells;Bell & Bell Tree Music,Sci-Fi- II Sound Effects,0020.0,,0,0,
Bell Triangle,bell triangle ring roll muted ,MUSCBell_Bell Triangle Ring Roll Muted_SCI02-106,BellTriangleRingRollMuted.wav | Bells;Bell & Bell Tree Music,Sci-Fi- II Sound Effects,0021.0,,0,0,
Bell Triangle,bell triangle ring single a ,MUSCBell_Bell Triangle Ring Single_SCI02-107,BellTriangleRingSingleA.wav | Bells;Bell & Bell Tree Music,Sci-Fi- II Sound Effects,0012.0,,0,0,
Bell Triangle,bell triangle ring single b ,MUSCBell_Bell Triangle Ring Single_SCI02-108,BellTriangleRingSingleB.wav | Bells;Bell & Bell Tree Music,Sci-Fi- II Sound Effects,0011.0,,0,0,
Bell Triangle,bell triangle ring single c ,MUSCBell_Bell Triangle Ring Single_SCI02-109,BellTriangleRingSingleC.wav | Bells;Bell & Bell Tree Music,Sci-Fi- II Sound Effects,0009.0,,0,0,
Bell Triangle,bell triangle ring single d ,MUSCBell_Bell Triangle Ring Single_SCI02-110,BellTriangleRingSingleD.wav | Bells;Bell & Bell Tree Music,Sci-Fi- II Sound Effects,0003.0,,0,0,
Bell Triangle,bell triangle ring single e ,MUSCBell_Bell Triangle Ring Single_SCI02-111,BellTriangleRingSingleE.wav | Bells;Bell & Bell Tree Music,Sci-Fi- II Sound Effects,0008.0,,0,0,
Bell Triangle,bell triangle ring single f ,MUSCBell_Bell Triangle Ring Single_SCI02-112,BellTriangleRingSingleF.wav | Bells;Bell & Bell Tree Music,Sci-Fi- II Sound Effects,0006.0,,0,0,
Bell Triangle,bell triangle ring single g ,MUSCBell_Bell Triangle Ring Single_SCI02-113,BellTriangleRingSingleG.wav | Bells;Bell & Bell Tree Music,Sci-Fi- II Sound Effects,0004.0,,0,0,
Blood Drain,flesh blood carcas draining ,GOREFlsh_Flesh Blood Carcas Draining_SCI02-199,FleshBloodCarcasDraining.wav | Police Vehicles & Sirens,Sci-Fi- II Sound Effects,0019.0,,0,0,
Blood Splat,flesh blood goosh splat fast hi,GORESplt_Flesh Blood Goosh Splat Fast Hit_SCI02-202,FleshBloodGooshSplatFastHit.wav | Police Vehicles & Sirens,Sci-Fi- II Sound Effects,0004.0,,0,0,
Blood Splat,flesh blood goosh splat fast re,GORESplt_Flesh Blood Goosh Splat Fast Reverb_SCI02-203,FleshBloodGooshSplatFastReverb.wav | Police Vehicles & Sirens,Sci-Fi- II Sound Effects,0000.0,,0,0,
Blood Splat,flesh blood goosh splat juicy f,GORESplt_Flesh Blood Goosh Splat Juicy Fast_SCI02-204,FleshBloodGooshSplatJuicyFast.wav | Police Vehicles & Sirens,Sci-Fi- II Sound Effects,0001.0,,0,0,
Blood Splat,flesh blood goosh splat juicy l,GORESplt_Flesh Blood Goosh Splat Juicy Low_SCI02-205,FleshBloodGooshSplatJuicyLow.wav | Police Vehicles & Sirens,Sci-Fi- II Sound Effects,0002.0,,0,0,
Blood Splat,flesh blood goosh splat juicy v,GORESplt_Flesh Blood Goosh Splat Juicy Varied_SCI02-206,FleshBloodGooshSplatJuicyVariedA.wav | Police Vehicles & Sirens,Sci-Fi- II Sound Effects,0001.0,,0,0,
Blood Splat,flesh blood goosh splat juicy v,GORESplt_Flesh Blood Goosh Splat Juicy Varied_SCI02-207,FleshBloodGooshSplatJuicyVariedB.wav | Police Vehicles & Sirens,Sci-Fi- II Sound Effects,0003.0,,0,0,
Buzz Beep,tone buzz beep harsh ,SCIAlrm_Tone Buzz Beep Harsh_SCI02-754,ToneBuzzBeepHarsh.wav | Beeps;Space Beeps Prompts & Sonar Pings;Buzzers,Sci-Fi- II Sound Effects,0004.0,,0,0,
Buzz Beep,tone buzz beep short a ,UIBeep_Tone Buzz Beep Short_SCI02-755,ToneBuzzBeepShortA.wav | Beeps;Space Beeps Prompts & Sonar Pings;Buzzers,Sci-Fi- II Sound Effects,0000.0,,0,0,
Buzz Beep,tone buzz beep short b ,UIBeep_Tone Buzz Beep Short_SCI02-756,ToneBuzzBeepShortB.wav | Beeps;Space Beeps Prompts & Sonar Pings;Buzzers,Sci-Fi- II Sound Effects,0005.0,,0,0,
Buzz Beep,tone buzz blip multiple ,BEEP_Tone Buzz Blip Multiple_SCI02-757,ToneBuzzBlipMultiple.wav | Beeps;Space Beeps Prompts & Sonar Pings;Buzzers,Sci-Fi- II Sound Effects,0052.0,,0,0,
Buzz Beep,tone rasp buzz beep ,BEEP_Tone Rasp Buzz Beep_SCI02-870,ToneRaspBuzzBeep.wav | Space Drones & Electronic Tones;Beeps;Space Beeps Prompts & Sonar Pings,Sci-Fi- II Sound Effects,0014.0,,0,0,
Buzz Low,tone buzz low wooble ,UIData_Tone Buzz Low Wooble_SCI02-760,ToneBuzzLowWooble.wav | Buzzers;Space Drones & Electronic Tones,Sci-Fi- II Sound Effects,0004.0,,0,0,
Buzzer,tone score buzzer ,ALRMBuzr_Tone Score Buzzer_SCI02-880,ToneScoreBuzzer.wav | Space Drones & Electronic Tones;Buzzers,Sci-Fi- II Sound Effects,0030.0,,0,0,
Buzzer,tone score buzzer big a ,ALRMBuzr_Tone Score Buzzer Big_SCI02-881,ToneScoreBuzzerBigA.wav | Space Drones & Electronic Tones;Buzzers,Sci-Fi- II Sound Effects,0005.0,,0,0,
Buzzer,tone score buzzer big b ,ALRMBuzr_Tone Score Buzzer Big_SCI02-882,ToneScoreBuzzerBigB.wav | Space Drones & Electronic Tones;Buzzers,Sci-Fi- II Sound Effects,0003.0,,0,0,
Buzzer,tone score buzzer big c ,ALRMBuzr_Tone Score Buzzer Big_SCI02-883,ToneScoreBuzzerBigC.wav | Space Drones & Electronic Tones;Buzzers,Sci-Fi- II Sound Effects,0003.0,,0,0,
Buzzer,tone score buzzer wild ,ALRMBuzr_Tone Score Buzzer Wild_SCI02-884,ToneScoreBuzzerWild.wav | Space Drones & Electronic Tones;Buzzers,Sci-Fi- II Sound Effects,0022.0,,0,0,
Chime Bar,chimes bar strum down a ,MUSCChim_Chimes Bar Strum Down_SCI02-118,ChimesBarStrumDownA.wav | Chime Music,Sci-Fi- II Sound Effects,0005.0,,0,0,
Chime Bar,chimes bar strum down b ,MUSCChim_Chimes Bar Strum Down_SCI02-119,ChimesBarStrumDownB.wav | Chime Music,Sci-Fi- II Sound Effects,0005.0,,0,0,
Chime Bar,chimes bar strum down high ,MUSCChim_Chimes Bar Strum Down High_SCI02-120,ChimesBarStrumDownHigh.wav | Chime Music,Sci-Fi- II Sound Effects,0003.0,,0,0,
Chime Bar,chimes bar strum down low ,MUSCChim_Chimes Bar Strum Down Low_SCI02-121,ChimesBarStrumDownLow.wav | Chime Music,Sci-Fi- II Sound Effects,0003.0,,0,0,
Chime Bar,chimes bar strum sprinkle down,MUSCChim_Chimes Bar Strum Sprinkle Down_SCI02-122,ChimesBarStrumSprinkleDownA.wav | Chime Music,Sci-Fi- II Sound Effects,0008.0,,0,0,
Chime Bar,chimes bar strum sprinkle down,MUSCChim_Chimes Bar Strum Sprinkle Down_SCI02-123,ChimesBarStrumSprinkleDownB.wav | Chime Music,Sci-Fi- II Sound Effects,0007.0,,0,0,
Chime Bar,chimes bar strum sprinkle down,MUSCChim_Chimes Bar Strum Sprinkle Down_SCI02-124,ChimesBarStrumSprinkleDownC.wav | Chime Music,Sci-Fi- II Sound Effects,0007.0,,0,0,
Chime Bar,chimes bar strum sprinkle down,MUSCChim_Chimes Bar Strum Sprinkle Down Fast_SCI02-125,ChimesBarStrumSprinkleDownFastA.wav | Chime Music,Sci-Fi- II Sound Effects,0007.0,,0,0,
Chime Bar,chimes bar strum sprinkle down,MUSCChim_Chimes Bar Strum Sprinkle Down Fast_SCI02-126,ChimesBarStrumSprinkleDownFastB.wav | Chime Music,Sci-Fi- II Sound Effects,0008.0,,0,0,
Chime Bar,chimes bar strum sprinkle down,MUSCChim_Chimes Bar Strum Sprinkle Down Fast_SCI02-127,ChimesBarStrumSprinkleDownFastC.wav | Chime Music,Sci-Fi- II Sound Effects,0003.0,,0,0,
Chime Bar,chimes bar strum sprinkle down,MUSCChim_Chimes Bar Strum Sprinkle Down Fast_SCI02-128,ChimesBarStrumSprinkleDownFastD.wav | Chime Music,Sci-Fi- II Sound Effects,0004.0,,0,0,
Chime Bar,chimes bar strum sprinkle down,MUSCChim_Chimes Bar Strum Sprinkle Down Medium_SCI02-129,ChimesBarStrumSprinkleDownMediumA.wav | Chime Music,Sci-Fi- II Sound Effects,0005.0,,0,0,
Chime Bar,chimes bar strum sprinkle down,MUSCChim_Chimes Bar Strum Sprinkle Down Medium_SCI02-130,ChimesBarStrumSprinkleDownMediumB.wav | Chime Music,Sci-Fi- II Sound Effects,0003.0,,0,0,
Chime Bar,chimes bar strum sprinkle down,MUSCChim_Chimes Bar Strum Sprinkle Down Slow_SCI02-131,ChimesBarStrumSprinkleDownSlowA.wav | Chime Music,Sci-Fi- II Sound Effects,0008.0,,0,0,
Chime Bar,chimes bar strum sprinkle down,MUSCChim_Chimes Bar Strum Sprinkle Down Slow_SCI02-132,ChimesBarStrumSprinkleDownSlowB.wav | Chime Music,Sci-Fi- II Sound Effects,0009.0,,0,0,
Chime Bar,chimes bar strum sprinkle down,MUSCChim_Chimes Bar Strum Sprinkle Down Slow_SCI02-133,ChimesBarStrumSprinkleDownSlowC.wav | Chime Music,Sci-Fi- II Sound Effects,0008.0,,0,0,
Chime Bar,chimes bar strum sprinkle down,MUSCChim_Chimes Bar Strum Sprinkle Down Slow_SCI02-134,ChimesBarStrumSprinkleDownSlowD.wav | Chime Music,Sci-Fi- II Sound Effects,0008.0,,0,0,
Chime Bar,chimes bar strum sprinkle down,MUSCChim_Chimes Bar Strum Sprinkle Down Slow_SCI02-135,ChimesBarStrumSprinkleDownSlowE.wav | Chime Music,Sci-Fi- II Sound Effects,0008.0,,0,0,
Chime Bar,chimes bar strum sprinkle fast ,MUSCChim_Chimes Bar Strum Sprinkle Fast_SCI02-136,ChimesBarStrumSprinkleFast.wav | Chime Music,Sci-Fi- II Sound Effects,0005.0,,0,0,
Chime Bar,chimes bar strum sprinkle a ,MUSCChim_Chimes Bar Strum Sprinkle Up_SCI02-137,ChimesBarStrumSprinkleUpA.wav | Chime Music,Sci-Fi- II Sound Effects,0006.0,,0,0,
Chime Bar,chimes bar strum sprinkle b ,MUSCChim_Chimes Bar Strum Sprinkle Up_SCI02-138,ChimesBarStrumSprinkleUpB.wav | Chime Music,Sci-Fi- II Sound Effects,0007.0,,0,0,
Chime Bar,chimes bar strum medium a ,MUSCChim_Chimes Bar Strum Up Medium_SCI02-139,ChimesBarStrumUpMediumA.wav | Chime Music,Sci-Fi- II Sound Effects,0006.0,,0,0,
Chime Bar,chimes bar strum medium b ,MUSCChim_Chimes Bar Strum Up Medium_SCI02-140,ChimesBarStrumUpMediumB.wav | Chime Music,Sci-Fi- II Sound Effects,0007.0,,0,0,
Chime Bar,chimes bar strum medium c ,MUSCChim_Chimes Bar Strum Up Medium_SCI02-141,ChimesBarStrumUpMediumC.wav | Chime Music,Sci-Fi- II Sound Effects,0006.0,,0,0,
Chime Bar,chimes bar strum slow a ,MUSCChim_Chimes Bar Strum Up Slow_SCI02-142,ChimesBarStrumUpSlowA.wav | Chime Music,Sci-Fi- II Sound Effects,0009.0,,0,0,
Chime Bar,chimes bar strum slow b ,MUSCChim_Chimes Bar Strum Up Slow_SCI02-143,ChimesBarStrumUpSlowB.wav | Chime Music,Sci-Fi- II Sound Effects,0006.0,,0,0,
Clock Tick,hum tick tock,CLOCKTick_Hum Tick Tock_SCI02-345,HumTickTock.wav | Clocks & Timers,Sci-Fi- II Sound Effects,0031.0,,0,0,
Computer Beep,tone atari sputter beep,GAMEVideo_Tone Atari Sputter Beep_SCI02-664,ToneAtariSputterBeep.wav | Beeps;Space Beeps Prompts & Sonar Pings;Computer Beeps Signals & Warnings,Sci-Fi- II Sound Effects,0017.0,,0,0,
Computer Drive,tone disc drive clunk click ,CMPTDriv_Tone Disc Drive Clunk Click_SCI02-774,ToneDiscDriveClunkClick.wav | Space Drones & Electronic Tones;Computer Storage Drives,Sci-Fi- II Sound Effects,0059.0,,0,0,
Computer Electronic,computer tone atari,CMPTDriv_Computer Tone Atari 800_SCI02-150,ComputerToneAtari800A.wav | Computer Beeps Signals & Warnings;Computer Starts Runs & Shut Downs,Sci-Fi- II Sound Effects,0236.0,,0,0,
Computer Electronic,computer tone atari,CMPTDriv_Computer Tone Atari 800_SCI02-151,ComputerToneAtari800B.wav | Computer Beeps Signals & Warnings;Computer Starts Runs & Shut Downs,Sci-Fi- II Sound Effects,0048.0,,0,0,
Computer Electronic,computer tone atari,CMPTDriv_Computer Tone Atari 800_SCI02-152,ComputerToneAtari800C.wav | Computer Beeps Signals & Warnings;Computer Starts Runs & Shut Downs,Sci-Fi- II Sound Effects,0109.0,,0,0,
Computer Electronic,computer tone atari,CMPTDriv_Computer Tone Atari 800_SCI02-153,ComputerToneAtari800D.wav | Computer Beeps Signals & Warnings;Computer Starts Runs & Shut Downs,Sci-Fi- II Sound Effects,0114.0,,0,0,
Computer Electronic,computer tone atari,CMPTDriv_Computer Tone Atari 800_SCI02-154,ComputerToneAtari800E.wav | Computer Beeps Signals & Warnings;Computer Starts Runs & Shut Downs,Sci-Fi- II Sound Effects,0202.0,,0,0,
Computer Electronic,computer tone atari,CMPTDriv_Computer Tone Atari 800_SCI02-155,ComputerToneAtari800F.wav | Computer Beeps Signals & Warnings;Computer Starts Runs & Shut Downs,Sci-Fi- II Sound Effects,0103.0,,0,0,
Computer Glitch,distortion digital glitching,UIGlitch_Distortion Digital Glitching_SCI02-160,DistortionDigitalGlitchingA.wav | Computer Starts Runs & Shut Downs;Space Alarms & Malfunctions,Sci-Fi- II Sound Effects,0017.0,,0,0,
Computer Glitch,distortion digital glitching,UIGlitch_Distortion Digital Glitching_SCI02-161,DistortionDigitalGlitchingB.wav | Computer Starts Runs & Shut Downs;Space Alarms & Malfunctions,Sci-Fi- II Sound Effects,0009.0,,0,0,
Computer Hum,digital hum puttering,SCICmpt_Digital Hum Puttering_SCI02-156,DigitalHumPuttering.wav | Computer Starts Runs & Shut Downs,Sci-Fi- II Sound Effects,0052.0,,0,0,
Computer Hum,digital hum with loud bursts,SCICmpt_Digital Hum With Loud Bursts_SCI02-157,DigitalHumWithLoudBursts.wav | Computer Starts Runs & Shut Downs,Sci-Fi- II Sound Effects,0035.0,,0,0,
Computer Keyboard,tone data terminal keystrokes e,UIData_Tone Data Terminal Keystrokes Early_SCI02-769,ToneDataTerminalKeystrokesEarly.wav | Space Drones & Electronic Tones;Space Telemetry;Computer Keyboards & Mice,Sci-Fi- II Sound Effects,0030.0,,0,0,
Computer Printer,computer printer atari arm movement no printing,MACHOffc_Computer Printer Atari 850 Arm Movement No Printing_SCI02-146,ComputerPrinterAtari850ArmMovementNoPrinting.wav | Computer Monitors & Printers,Sci-Fi- II Sound Effects,0100.0,,0,0,
Computer Printer,computer printer atari dot matrix printing,MACHOffc_Computer Printer Atari 850 Dot Matrix Printing_SCI02-147,ComputerPrinterAtari850DotMatrixPrinting.wav | Computer Monitors & Printers,Sci-Fi- II Sound Effects,0115.0,,0,0,
Computer Printer,computer printer atari intermitent printing,MACHOffc_Computer Printer Atari 850 Intermitent Printing_SCI02-148,ComputerPrinterAtari850IntermitentPrinting.wav | Computer Monitors & Printers,Sci-Fi- II Sound Effects,0050.0,,0,0,
Computer Printer,computer printer atari printing,MACHOffc_Computer Printer Atari 850 Printing_SCI02-149,ComputerPrinterAtari850Printing.wav | Computer Monitors & Printers,Sci-Fi- II Sound Effects,0038.0,,0,0,
Computer Static,static computer,COMStatic_Static Computer_SCI02-617,StaticComputer.wav | Static;Computer Starts Runs & Shut Downs,Sci-Fi- II Sound Effects,0004.0,,0,0,
Computer Tone,tone computer processing,CMPTDriv_Tone Computer Processing_SCI02-762,ToneComputerProcessing.wav | Computer Starts Runs & Shut Downs;Space Drones & Electronic Tones,Sci-Fi- II Sound Effects,0008.0,,0,0,
Crash,tone bangs crashes glass electric,GLASCrsh_Tone Bangs Crashes Glass Electric_SCI02-665,ToneBangsCrashesGlassElectric.wav | Glass Crashes;Miscellaneous Crashes Hits & Impacts;Metal Impacts;Tool & Toolbox Impacts,Sci-Fi- II Sound Effects,0041.0,,0,0,
Dinosaur Moan,dinosaur moan roar cry ,CREADino_Dinosaur Moan Roar Cry_SCI02-159,DinosaurMoanRoarCry.wav | Dinosaurs;Creature Grunts Groans & Moans;Creature Growls Roars & Snarls,Sci-Fi- II Sound Effects,0057.0,,0,0,
Dinosaur Jungle Swamp,dinosaur jungle swamp ,CREADino_Dinosaur Jungle Swamp_SCI02-158,DinosaurJungleSwamp.wav | Dinosaurs,Sci-Fi- II Sound Effects,0020.0,,0,0,
Electricity Hum,tone sparks electric hum static,DSGNTonl_Tone Sparks Electric Hum Static_SCI02-890,ToneSparksElectricHumStatic.wav | Space Drones & Electronic Tones;Electricity Arcing & Sparks,Sci-Fi- II Sound Effects,0044.0,,0,0,
Electricity Static,elecrtricity static,ELECArc_Elecrtricity Static_SCI02-177,ElecrtricityStatic.wav | Electricity Arcing & Sparks,Sci-Fi- II Sound Effects,0020.0,,0,0,
Explosion Electronic,explosion electronic rumble thu,EXPLDsgn_Explosion Electronic Rumble Thud_SCI02-179,ExplosionElectronicRumbleThudA.wav | Space Explosions;Explosions & Bombs;Spacecraft Interiors Engines & Rumbles,Sci-Fi- II Sound Effects,0003.0,,0,0,
Explosion Electronic,explosion electronic rumble thu,EXPLDsgn_Explosion Electronic Rumble Thud_SCI02-180,ExplosionElectronicRumbleThudB.wav | Space Explosions;Explosions & Bombs;Spacecraft Interiors Engines & Rumbles,Sci-Fi- II Sound Effects,0006.0,,0,0,
Explosion Electronic,explosion electronic rumble thu,EXPLDsgn_Explosion Electronic Rumble Thud_SCI02-181,ExplosionElectronicRumbleThudC.wav | Space Explosions;Explosions & Bombs;Spacecraft Interiors Engines & Rumbles,Sci-Fi- II Sound Effects,0004.0,,0,0,
Explosion Electronic,explosion electronic thud boom ,EXPLDsgn_Explosion Electronic Thud Boom_SCI02-182,ExplosionElectronicThudBoom.wav | Space Explosions;Explosions & Bombs,Sci-Fi- II Sound Effects,0009.0,,0,0,
Explosion Electronic,explosion electronic thump boom,EXPLDsgn_Explosion Electronic Thump Boom_SCI02-183,ExplosionElectronicThumpBoom.wav | Space Explosions;Explosions & Bombs,Sci-Fi- II Sound Effects,0002.0,,0,0,
Fantasy Drone,drown mystical tone low a ,DSGNDron_Drown Mystical Tone Low_SCI02-173,DrownMysticalToneLowA.wav | Space Drones & Electronic Tones;Fantasy Ambiences,Sci-Fi- II Sound Effects,0128.0,,0,0,
Fantasy Drone,drown mystical tone low b ,DSGNDron_Drown Mystical Tone Low_SCI02-174,DrownMysticalToneLowB.wav | Space Drones & Electronic Tones;Fantasy Ambiences,Sci-Fi- II Sound Effects,0240.0,,0,0,
Fantasy Drone,drown mystic temple cue a ,DSGNDron_Drown Mystic Temple Cue_SCI02-175,DrownMysticTempleCueA.wav | Space Drones & Electronic Tones;Fantasy Ambiences,Sci-Fi- II Sound Effects,0048.0,,0,0,
Fantasy Drone,drown mystic temple cue b ,DSGNDron_Drown Mystic Temple Cue_SCI02-176,DrownMysticTempleCueB.wav | Space Drones & Electronic Tones;Fantasy Ambiences,Sci-Fi- II Sound Effects,0036.0,,0,0,
Feedback Megaphone,feedback megaphone,COMMic_Feedback Megaphone_SCI02-189,FeedbackMegaphoneA.wav | Miscellaneous Entertainment;Police Equipment,Sci-Fi- II Sound Effects,0012.0,,0,0,
Feedback Megaphone,feedback megaphone,COMMic_Feedback Megaphone_SCI02-190,FeedbackMegaphoneB.wav | Miscellaneous Entertainment;Police Equipment,Sci-Fi- II Sound Effects,0018.0,,0,0,
Feedback Megaphone,feedback megaphone,COMMic_Feedback Megaphone_SCI02-191,FeedbackMegaphoneC.wav | Miscellaneous Entertainment;Police Equipment,Sci-Fi- II Sound Effects,0041.0,,0,0,
Feedback Microphone,feedback microphone pasqwelch ,COMMic_Feedback Microphone PASqwelch_SCI02-192,FeedbackMicrophonePASqwelch.wav | Miscellaneous Entertainment;Police Equipment,Sci-Fi- II Sound Effects,0004.0,,0,0,
Fire Constant,fire roar constant near a ,FIREBurn_Fire Roar Constant Near_SCI02-193,FireRoarConstantNearA.wav | Fire Scenes Fires & Flames,Sci-Fi- II Sound Effects,0041.0,,0,0,
Fire Constant,fire roar constant near b ,FIREBurn_Fire Roar Constant Near_SCI02-194,FireRoarConstantNearB.wav | Fire Scenes Fires & Flames,Sci-Fi- II Sound Effects,0341.0,,0,0,
Fire Torch,torch flamethrower fire spray ,FIRETurb_Torch Flamethrower Fire Spray_SCI02-946,TorchFlamethrowerFireSpray.wav | Fire Scenes Fires & Flames,Sci-Fi- II Sound Effects,0015.0,,0,0,
Fireworks,fireworks,FRWKComr_Fireworks_SCI02-195,FireworksA.wav | Fireworks,Sci-Fi- II Sound Effects,0234.0,,0,0,
Fireworks,fireworks,FRWKComr_Fireworks_SCI02-196,FireworksB.wav | Fireworks,Sci-Fi- II Sound Effects,0142.0,,0,0,
Fireworks,fireworks,FRWKComr_Fireworks_SCI02-197,FireworksC.wav | Fireworks,Sci-Fi- II Sound Effects,0358.0,,0,0,
Fireworks,explosion fireworks big bang ,FRWKComr_Explosion Fireworks Big Bang_SCI02-184,ExplosionFireworksBigBang.wav | Fireworks;Explosions & Bombs,Sci-Fi- II Sound Effects,0214.0,,0,0,
Fireworks,explosion fireworks big low far,FRWKComr_Explosion Fireworks Big Low Far_SCI02-185,ExplosionFireworksBigLowFar.wav | Fireworks;Explosions & Bombs,Sci-Fi- II Sound Effects,0203.0,,0,0,
Fireworks,explosion fireworks launch burs,FRWKComr_Explosion Fireworks Launch Bursts_SCI02-186,ExplosionFireworksLaunchBursts.wav | Fireworks;Explosions & Bombs,Sci-Fi- II Sound Effects,0137.0,,0,0,
Fireworks,explosion fireworks launch burs,FRWKComr_Explosion Fireworks Launch Bursts Near_SCI02-187,ExplosionFireworksLaunchBurstsNear.wav | Fireworks;Explosions & Bombs,Sci-Fi- II Sound Effects,0122.0,,0,0,
Flesh Cut,flesh blood carcas cutting up ,GOREFlsh_Flesh Blood Carcas Cutting Up_SCI02-198,FleshBloodCarcasCuttingUp.wav | Police Vehicles & Sirens;Cut Tear & Rip Foley;Knives,Sci-Fi- II Sound Effects,0022.0,,0,0,
Flesh Cut,flesh blood cutting knife carca,GOREStab_Flesh Blood Cutting Knife Carcas_SCI02-201,FleshBloodCuttingKnifeCarcas.wav | Police Vehicles & Sirens;Cut Tear & Rip Foley;Knives,Sci-Fi- II Sound Effects,0007.0,,0,0,
Flesh Stab,flesh blood carcas stabbing ,GOREStab_Flesh Blood Carcas Stabbing_SCI02-200,FleshBloodCarcasStabbing.wav | Police Vehicles & Sirens;Cut Tear & Rip Foley;Knives,Sci-Fi- II Sound Effects,0010.0,,0,0,
Flesh Stab,flesh blood goosh stab impact m,GOREStab_Flesh Blood Goosh Stab Impact Multiple_SCI02-208,FleshBloodGooshStabImpact Multiple.wav | Police Vehicles & Sirens;Cut Tear & Rip Foley;Knives,Sci-Fi- II Sound Effects,0042.0,,0,0,
Flesh Stab,flesh blood goosh stab impact a,GOREStab_Flesh Blood Goosh Stab Impact_SCI02-209,FleshBloodGooshStabImpactA.wav | Police Vehicles & Sirens;Cut Tear & Rip Foley;Knives,Sci-Fi- II Sound Effects,0004.0,,0,0,
Flesh Stab,flesh blood goosh stab impact b,GOREStab_Flesh Blood Goosh Stab Impact D 060_SCI02-210,FleshBloodGooshStabImpactB.wav  | Police Vehicles & Sirens;Cut Tear & Rip Foley;Knives,Sci-Fi- II Sound Effects,0003.0,,0,0,
Flesh Stab,flesh blood goosh stab impact c,GOREStab_Flesh Blood Goosh Stab Impact_SCI02-211,FleshBloodGooshStabImpactC.wav | Police Vehicles & Sirens;Cut Tear & Rip Foley;Knives,Sci-Fi- II Sound Effects,0003.0,,0,0,
Flesh Stab,flesh blood goosh stab impact d,GOREStab_Flesh Blood Goosh Stab Impact 2194_SCI02-212,FleshBloodGooshStabImpactD.wav  | Police Vehicles & Sirens;Cut Tear & Rip Foley;Knives,Sci-Fi- II Sound Effects,0003.0,,0,0,
Hatch Metal,submarine metal latch hatch a ,BOATSub_Submarine Metal Latch Hatch_SCI02-641,SubmarineMetalLatchHatchA.wav | Submarines;Latches;Metal Doors & Gates,Sci-Fi- II Sound Effects,0004.0,,0,0,
Hatch Metal,submarine metal latch hatch b ,BOATSub_Submarine Metal Latch Hatch_SCI02-642,SubmarineMetalLatchHatchB.wav | Submarines;Latches;Metal Doors & Gates,Sci-Fi- II Sound Effects,0004.0,,0,0,
Hatch Metal,submarine metal latch hatch c ,BOATSub_Submarine Metal Latch Hatch_SCI02-643,SubmarineMetalLatchHatchC.wav | Submarines;Latches;Metal Doors & Gates,Sci-Fi- II Sound Effects,0003.0,,0,0,
Hatch Metal,submarine metal latch hatch d ,BOATSub_Submarine Metal Latch Hatch_SCI02-644,SubmarineMetalLatchHatchD.wav | Submarines;Latches;Metal Doors & Gates,Sci-Fi- II Sound Effects,0005.0,,0,0,
Heartbeat,heartbeats,HMNHart_Heartbeats_SCI02-342,HeartbeatsA.wav | Hospital Medical & Dental Equipment;Miscellaneous Human Voices;Miscellaneous Crashes Hits & Impacts,Sci-Fi- II Sound Effects,0048.0,,0,0,
Heartbeat,heartbeats,HMNHart_Heartbeats_SCI02-343,HeartbeatsB.wav | Hospital Medical & Dental Equipment;Miscellaneous Human Voices;Miscellaneous Crashes Hits & Impacts,Sci-Fi- II Sound Effects,0024.0,,0,0,
Heartbeat,heartbeats valve,HMNHart_Heartbeats Valve_SCI02-344,HeartbeatsValve.wav | Hospital Medical & Dental Equipment;Miscellaneous Human Voices;Miscellaneous Crashes Hits & Impacts,Sci-Fi- II Sound Effects,0015.0,,0,0,
Horror Accent,tone shrill high eerie a ,DSGNErie_Tone Shrill High Eerie_SCI02-887,ToneShrillHighEerieA.wav | Space Drones & Electronic Tones;Miscellaneous Monsters Beasts & Creatures;Evil & Supernatural Voices,Sci-Fi- II Sound Effects,0019.0,,0,0,
Horror Accent,tone shrill high eerie b ,DSGNErie_Tone Shrill High Eerie_SCI02-888,ToneShrillHighEerieB.wav | Space Drones & Electronic Tones;Miscellaneous Monsters Beasts & Creatures;Evil & Supernatural Voices,Sci-Fi- II Sound Effects,0004.0,,0,0,
Horror Breath,breathy exhale eerie a ,HMNBrth_Breathy Exhale Eerie_SCI02-114,BreathyExhaleEerieA.wav | Creature Hissing & Breathing;Evil & Supernatural Voices,Sci-Fi- II Sound Effects,0004.0,,0,0,
Horror Breath,breathy exhale eerie b ,HMNBrth_Breathy Exhale Eerie_SCI02-115,BreathyExhaleEerieB.wav | Creature Hissing & Breathing;Evil & Supernatural Voices,Sci-Fi- II Sound Effects,0004.0,,0,0,
Horror Breath,breathy exhale eerie c ,HMNBrth_Breathy Exhale Eerie_SCI02-116,BreathyExhaleEerieC.wav | Creature Hissing & Breathing;Evil & Supernatural Voices,Sci-Fi- II Sound Effects,0007.0,,0,0,
Horror Breath,breathy exhale eerie d ,HMNBrth_Breathy Exhale Eerie_SCI02-117,BreathyExhaleEerieD.wav | Creature Hissing & Breathing;Evil & Supernatural Voices,Sci-Fi- II Sound Effects,0003.0,,0,0,
Horror Drone,drone metalic eerie,DSGNDron_Drone Metalic Eerie_SCI02-167,DroneMetalicEerie.wav | Space Drones & Electronic Tones;Sci Fi Ambiences;Horror & Haunted Ambiences,Sci-Fi- II Sound Effects,0214.0,,0,0,
Horror Drone,drown evil rumble tone w,DSGNRmbl_Drown Evil Rumble Tone 8 4_SCI02-170,DrownEvilRumbleTone.wav  | Space Drones & Electronic Tones;Sci Fi Ambiences;Horror & Haunted Ambiences,Sci-Fi- II Sound Effects,0106.0,,0,0,
Hum,tone hum tube hollow ,DSGNTonl_Tone Hum Tube Hollow_SCI02-797,ToneHumTubeHollow.wav | Space Drones & Electronic Tones;Spacecraft Interiors Engines & Rumbles,Sci-Fi- II Sound Effects,0013.0,,0,0,
Hum,tone hum tube low a ,DSGNTonl_Tone Hum Tube Low_SCI02-798,ToneHumTubeLowA.wav | Space Drones & Electronic Tones;Spacecraft Interiors Engines & Rumbles,Sci-Fi- II Sound Effects,0004.0,,0,0,
Hum,tone hum tube low b ,DSGNTonl_Tone Hum Tube Low_SCI02-799,ToneHumTubeLowB.wav | Space Drones & Electronic Tones;Spacecraft Interiors Engines & Rumbles,Sci-Fi- II Sound Effects,0005.0,,0,0,
Hum,tone hum tube low c ,DSGNTonl_Tone Hum Tube Low_SCI02-800,ToneHumTubeLowC.wav | Space Drones & Electronic Tones;Spacecraft Interiors Engines & Rumbles,Sci-Fi- II Sound Effects,0004.0,,0,0,
Hum Low,tone hollow hum low ,DSGNDron_Tone Hollow Hum Low_SCI02-795,ToneHollowHumLow.wav | Space Drones & Electronic Tones,Sci-Fi- II Sound Effects,0013.0,,0,0,
Jet Rumble,ambience rumble jet air eeirie,AEROJet_Ambience Rumble Jet Air Eeirie Far_SCI02-003,AmbienceRumbleJetAir EeirieFar.wav | Airports;Horror & Haunted Ambiences,Sci-Fi- II Sound Effects,0027.0,,0,0,
Jet Rumble,ambience rumble jet air,AEROJet_Ambience Rumble Jet Air_SCI02-004,AmbienceRumbleJetAirA.wav | Airports,Sci-Fi- II Sound Effects,0041.0,,0,0,
Jet Rumble,ambience rumble jet air,AEROJet_Ambience Rumble Jet Air_SCI02-005,AmbienceRumbleJetAirB.wav | Airports,Sci-Fi- II Sound Effects,0030.0,,0,0,
Jet Rumble,ambience rumble jet air,AEROJet_Ambience Rumble Jet Air_SCI02-006,AmbienceRumbleJetAirC.wav | Airports,Sci-Fi- II Sound Effects,0038.0,,0,0,
Jet Rumble,ambience rumble jet air far a ,AEROJet_Ambience Rumble Jet Air Far_SCI02-007,AmbienceRumbleJetAirFarA.wav | Airports,Sci-Fi- II Sound Effects,0042.0,,0,0,
Jet Rumble,ambience rumble jet air far b ,AEROJet_Ambience Rumble Jet Air Far_SCI02-008,AmbienceRumbleJetAirFarB.wav | Airports,Sci-Fi- II Sound Effects,0046.0,,0,0,
Latch Metal,submarine metal latch clank dry,BOATSub_Submarine Metal Latch Clank Dry_SCI02-630,SubmarineMetalLatchClankDryA.wav | Submarines;Latches;Metal Doors & Gates,Sci-Fi- II Sound Effects,0002.0,,0,0,
Latch Metal,submarine metal latch clank dry,BOATSub_Submarine Metal Latch Clank Dry_SCI02-631,SubmarineMetalLatchClankDryB.wav | Submarines;Latches;Metal Doors & Gates,Sci-Fi- II Sound Effects,0003.0,,0,0,
Latch Metal,submarine metal latch clank dry,BOATSub_Submarine Metal Latch Clank Dry_SCI02-632,SubmarineMetalLatchClankDryC.wav | Submarines;Latches;Metal Doors & Gates,Sci-Fi- II Sound Effects,0002.0,,0,0,
Latch Metal,submarine metal latch clank dry,BOATSub_Submarine Metal Latch Clank Dry_SCI02-633,SubmarineMetalLatchClankDryD.wav | Submarines;Latches;Metal Doors & Gates,Sci-Fi- II Sound Effects,0002.0,,0,0,
Latch Metal,submarine metal latch clank dry,BOATSub_Submarine Metal Latch Clank Dry_SCI02-634,SubmarineMetalLatchClankDryE.wav | Submarines;Latches;Metal Doors & Gates,Sci-Fi- II Sound Effects,0003.0,,0,0,
Latch Metal,submarine metal latch clank dry,BOATSub_Submarine Metal Latch Clank Dry_SCI02-635,SubmarineMetalLatchClankDryF.wav | Submarines;Latches;Metal Doors & Gates,Sci-Fi- II Sound Effects,0004.0,,0,0,
Latch Metal,submarine metal latch clank dry,BOATSub_Submarine Metal Latch Clank Dry_SCI02-636,SubmarineMetalLatchClankDryG.wav | Submarines;Latches;Metal Doors & Gates,Sci-Fi- II Sound Effects,0002.0,,0,0,
Latch Metal,submarine metal latch clank dry,BOATSub_Submarine Metal Latch Clank Dry_SCI02-637,SubmarineMetalLatchClankDryH.wav | Submarines;Latches;Metal Doors & Gates,Sci-Fi- II Sound Effects,0003.0,,0,0,
Latch Metal,submarine metal latch clank dry,BOATSub_Submarine Metal Latch Clank Dry_SCI02-638,SubmarineMetalLatchClankDryI.wav | Submarines;Latches;Metal Doors & Gates,Sci-Fi- II Sound Effects,0002.0,,0,0,
Latch Metal,submarine metal latch clank dry,BOATSub_Submarine Metal Latch Clank Dry_SCI02-639,SubmarineMetalLatchClankDryJ.wav | Submarines;Latches;Metal Doors & Gates,Sci-Fi- II Sound Effects,0002.0,,0,0,
Latch Metal,submarine metal latch clank dry,BOATSub_Submarine Metal Latch Clank Dry_SCI02-640,SubmarineMetalLatchClankDryK.wav | Submarines;Latches;Metal Doors & Gates,Sci-Fi- II Sound Effects,0003.0,,0,0,
Machine Ambience,ambience machine scrapy erie ,AMBInd_Ambience Machine Scrapy Erie_SCI02-002,AmbienceMachineScrapyErie.wav | Horror & Haunted Ambiences,Sci-Fi- II Sound Effects,0047.0,,0,0,
Metal Hit Electronic,metalic synth hit multiple,DSGNSynth_Metalic Synth Hit Multiple_SCI02-544,MetalicSynthHitMultiple.wav | Miscellaneous Crashes Hits & Impacts;Metal Impacts,Sci-Fi- II Sound Effects,0018.0,,0,0,
Metal Rattle,metal rattle spacey reverb a ,METLMvmt_Metal Rattle Spacey Reverb_SCI02-545,MetalRattleSpaceyReverbA.wav | Metal Foley;Crackle Rattle & Jingle Foley ,Sci-Fi- II Sound Effects,0004.0,,0,0,
Metal Rattle,metal rattle spacey reverb b ,METLMvmt_Metal Rattle Spacey Reverb_SCI02-546,MetalRattleSpaceyReverbB.wav | Metal Foley;Crackle Rattle & Jingle Foley ,Sci-Fi- II Sound Effects,0003.0,,0,0,
Metal Rattle,metal rattle spacey reverb c ,METLMvmt_Metal Rattle Spacey Reverb_SCI02-547,MetalRattleSpaceyReverbC.wav | Metal Foley;Crackle Rattle & Jingle Foley ,Sci-Fi- II Sound Effects,0005.0,,0,0,
Metal Rattle,metal rattle spacey reverb d ,METLMvmt_Metal Rattle Spacey Reverb_SCI02-548,MetalRattleSpaceyReverbD.wav | Metal Foley;Crackle Rattle & Jingle Foley ,Sci-Fi- II Sound Effects,0003.0,,0,0,
Monster Breath,monster breath face suck water ,CREAMnstr_Monster Breath Face Suck Water_SCI02-549,MonsterBreathFaceSuckWater.wav | Creature Hissing & Breathing,Sci-Fi- II Sound Effects,0014.0,,0,0,
Monster Breath,monster breath juicy near ,CREAMnstr_Monster Breath Juicy Near_SCI02-550,MonsterBreathJuicyNear.wav | Creature Hissing & Breathing,Sci-Fi- II Sound Effects,0015.0,,0,0,
Monster Breath,monster mean breath heavy ,CREAMnstr_Monster Mean Breath Heavy_SCI02-552,MonsterMeanBreathHeavy.wav | Creature Hissing & Breathing,Sci-Fi- II Sound Effects,0019.0,,0,0,
Monster Breath,monster mean breath juicy excit,CREAMnstr_Monster Mean Breath Juicy Excited_SCI02-553,MonsterMeanBreathJuicyExcited.wav | Creature Hissing & Breathing,Sci-Fi- II Sound Effects,0029.0,,0,0,
Monster Eat,monster mouth eating slim ,CREAMnstr_Monster Mouth Eating Slim_SCI02-558,MonsterMouthEatingSlim.wav | Creature Eating & Drinking,Sci-Fi- II Sound Effects,0016.0,,0,0,
Monster Ghost,monster ghost bats ,CREAEthr_Monster Ghost Bats_SCI02-551,MonsterGhostBats.wav | Ghosts & Spirits,Sci-Fi- II Sound Effects,0002.0,,0,0,
Monster Insect,evil chatter swell,DSGNGran_Evil Chatter Swell_SCI02-178,EvilChatterSwell.wav | Electricity Arcing & Sparks;Creature Bellows Calls & Cries,Sci-Fi- II Sound Effects,0009.0,,0,0,
Monster Moan,monster moan beast roar ,CREAMnstr_Monster Moan Beast Roar_SCI02-554,MonsterMoanBeastRoar.wav | Creature Growls Roars & Snarls;Creature Grunts Groans & Moans,Sci-Fi- II Sound Effects,0027.0,,0,0,
Monster Moan,monster moans whale groans ,CREAMnstr_Monster Moans Whale Groans_SCI02-555,MonsterMoansWhaleGroans.wav | Creature Grunts Groans & Moans,Sci-Fi- II Sound Effects,0113.0,,0,0,
Monster Moan,monster moan wailing gong high ,CREAMnstr_Monster Moan Wailing Gong High_SCI02-556,MonsterMoanWailingGongHigh.wav | Creature Grunts Groans & Moans,Sci-Fi- II Sound Effects,0049.0,,0,0,
Monster Moan,monster moan wailing gong low ,CREAMnstr_Monster Moan Wailing Gong Low_SCI02-557,MonsterMoanWailingGongLow.wav | Creature Grunts Groans & Moans,Sci-Fi- II Sound Effects,0114.0,,0,0,
Monster Snore,monster snore growl ripper brea,CREAMnstr_Monster Snore Growl Ripper Breath_SCI02-559,MonsterSnoreGrowlRipperBreath.wav | Creature Growls Roars & Snarls;Creature Grunts Groans & Moans,Sci-Fi- II Sound Effects,0008.0,,0,0,
Monster Squeal,squeels death high dry ,RUBRFric_Squeels Death High Dry_SCI02-615,SqueelsDeathHighDry.wav | Creature Bellows Calls & Cries,Sci-Fi- II Sound Effects,0012.0,,0,0,
Monster Squeal,squeels death high dry airy ,AIRHiss_Squeels Death High Dry Airy_SCI02-616,SqueelsDeathHighDryAiry.wav | Creature Bellows Calls & Cries,Sci-Fi- II Sound Effects,0133.0,,0,0,
Music Bass,tone bass dual hit,MUSCStr_Tone Bass Dual Hit_SCI02-670,ToneBassDualHitA.wav | Miscellaneous Instrument Music,Sci-Fi- II Sound Effects,0005.0,,0,0,
Music Bass,tone bass dual hit,MUSCStr_Tone Bass Dual Hit_SCI02-671,ToneBassDualHitB.wav | Miscellaneous Instrument Music,Sci-Fi- II Sound Effects,0009.0,,0,0,
Music Bass,tone bass single hit,MUSCStr_Tone Bass Single Hit_SCI02-678,ToneBassSingleHitA.wav | Miscellaneous Instrument Music,Sci-Fi- II Sound Effects,0015.0,,0,0,
Music Bass,tone bass single hit,MUSCStr_Tone Bass Single Hit_SCI02-679,ToneBassSingleHitB.wav | Miscellaneous Instrument Music,Sci-Fi- II Sound Effects,0011.0,,0,0,
Music Gong,gong hit bright smash ,BELLGong_Gong Hit Bright Smash_SCI02-213,GongHitBrightSmash.wav | Gong Music,Sci-Fi- II Sound Effects,0011.0,,0,0,
Music Gong,gong hit mellow double soft ,BELLGong_Gong Hit Mellow Double Soft_SCI02-214,GongHitMellowDoubleSoft .wav | Gong Music,Sci-Fi- II Sound Effects,0007.0,,0,0,
Music Gong,gong hit mellow dull medium ,BELLGong_Gong Hit Mellow Dull Medium_SCI02-215,GongHitMellowDullMedium.wav | Gong Music,Sci-Fi- II Sound Effects,0010.0,,0,0,
Music Gong,gong hit mellow sharp a ,BELLGong_Gong Hit Mellow Sharp_SCI02-216,GongHitMellowSharpA.wav | Gong Music,Sci-Fi- II Sound Effects,0005.0,,0,0,
Music Gong,gong hit mellow sharp b ,BELLGong_Gong Hit Mellow Sharp_SCI02-217,GongHitMellowSharpB.wav | Gong Music,Sci-Fi- II Sound Effects,0006.0,,0,0,
Music Gong,gong hit mellow sharp c ,BELLGong_Gong Hit Mellow Sharp_SCI02-218,GongHitMellowSharpC.wav | Gong Music,Sci-Fi- II Sound Effects,0004.0,,0,0,
Music Gong,gong hit mellow sharp d ,BELLGong_Gong Hit Mellow Sharp_SCI02-219,GongHitMellowSharpD.wav | Gong Music,Sci-Fi- II Sound Effects,0007.0,,0,0,
Music Gong,gong hit mellow sharp medium ,BELLGong_Gong Hit Mellow Sharp Medium_SCI02-220,GongHitMellowSharpMedium.wav | Gong Music,Sci-Fi- II Sound Effects,0004.0,,0,0,
Music Gong,gong hit mellow soft a ,BELLGong_Gong Hit Mellow Soft_SCI02-221,GongHitMellowSoftA.wav | Gong Music,Sci-Fi- II Sound Effects,0005.0,,0,0,
Music Gong,gong hit mellow soft b ,BELLGong_Gong Hit Mellow Soft_SCI02-222,GongHitMellowSoftB.wav | Gong Music,Sci-Fi- II Sound Effects,0011.0,,0,0,
Music Gong,gong hit mellow soft c ,BELLGong_Gong Hit Mellow Soft_SCI02-223,GongHitMellowSoftC.wav | Gong Music,Sci-Fi- II Sound Effects,0006.0,,0,0,
Music Gong,gong hit mellow soft d ,BELLGong_Gong Hit Mellow Soft_SCI02-224,GongHitMellowSoftD.wav | Gong Music,Sci-Fi- II Sound Effects,0011.0,,0,0,
Music Gong,gong hit mellow soft e ,BELLGong_Gong Hit Mellow Soft_SCI02-225,GongHitMellowSoftE.wav | Gong Music,Sci-Fi- II Sound Effects,0008.0,,0,0,
Music Gong,gong hit mellow soft f ,BELLGong_Gong Hit Mellow Soft_SCI02-226,GongHitMellowSoftF.wav | Gong Music,Sci-Fi- II Sound Effects,0010.0,,0,0,
Music Gong,gong hit mellow soft g ,BELLGong_Gong Hit Mellow Soft_SCI02-227,GongHitMellowSoftG.wav | Gong Music,Sci-Fi- II Sound Effects,0008.0,,0,0,
Music Gong,gong hit mellow soft medium a ,BELLGong_Gong Hit Mellow Soft Medium_SCI02-228,GongHitMellowSoftMediumA.wav | Gong Music,Sci-Fi- II Sound Effects,0006.0,,0,0,
Music Gong,gong hit mellow soft medium b ,BELLGong_Gong Hit Mellow Soft Medium_SCI02-229,GongHitMellowSoftMediumB.wav | Gong Music,Sci-Fi- II Sound Effects,0003.0,,0,0,
Music Gong,gong hit mellow soft smooth w,BELLGong_Gong Hit Mellow Soft Smooth 2 74_SCI02-230,GongHitMellowSoftSmooth.wav  | Gong Music,Sci-Fi- II Sound Effects,0006.0,,0,0,
Music Guitar Metal,guitar metal power chords a ,MUSCPluck_Guitar Metal Power Chords_SCI02-231,GuitarMetalPowerChordsA.wav | Guitar & Banjo Music,Sci-Fi- II Sound Effects,0002.0,,0,0,
Music Guitar Metal,guitar metal power chords b ,MUSCPluck_Guitar Metal Power Chords_SCI02-232,GuitarMetalPowerChordsB.wav | Guitar & Banjo Music,Sci-Fi- II Sound Effects,0002.0,,0,0,
Music Guitar Metal,guitar metal power chords c w,MUSCPluck_Guitar Metal Power Chords 12 7_SCI02-233,GuitarMetalPowerChordsC.wav  | Guitar & Banjo Music,Sci-Fi- II Sound Effects,0002.0,,0,0,
Music Guitar Metal,guitar metal power chords d ,MUSCPluck_Guitar Metal Power Chords_SCI02-234,GuitarMetalPowerChordsD.wav | Guitar & Banjo Music,Sci-Fi- II Sound Effects,0002.0,,0,0,
Music Guitar Metal,guitar metal power chords e ,MUSCPluck_Guitar Metal Power Chords_SCI02-235,GuitarMetalPowerChordsE.wav | Guitar & Banjo Music,Sci-Fi- II Sound Effects,0002.0,,0,0,
Music Guitar Metal,guitar metal power chords f w,MUSCPluck_Guitar Metal Power Chords BA_SCI02-236,GuitarMetalPowerChordsF.wav  | Guitar & Banjo Music,Sci-Fi- II Sound Effects,0002.0,,0,0,
Music Guitar Metal,guitar metal power chords g w,MUSCPluck_Guitar Metal Power Chords 43 0_SCI02-237,GuitarMetalPowerChordsG.wav  | Guitar & Banjo Music,Sci-Fi- II Sound Effects,0001.0,,0,0,
Music Guitar Metal,guitar metal power chords h ,MUSCPluck_Guitar Metal Power Chords_SCI02-238,GuitarMetalPowerChordsH.wav | Guitar & Banjo Music,Sci-Fi- II Sound Effects,0002.0,,0,0,
Music Guitar Metal,guitar metal power chords i ,MUSCPluck_Guitar Metal Power Chords 109_SCI02-239,GuitarMetalPowerChordsI.wav | Guitar & Banjo Music,Sci-Fi- II Sound Effects,0002.0,,0,0,
Music Guitar Metal,guitar metal power chords i w,MUSCPluck_Guitar Metal Power Chords_SCI02-240,GuitarMetalPowerChordsI.wav  | Guitar & Banjo Music,Sci-Fi- II Sound Effects,0002.0,,0,0,
Music Guitar Metal,guitar metal power chords j ,MUSCPluck_Guitar Metal Power Chords_SCI02-241,GuitarMetalPowerChordsJ.wav | Guitar & Banjo Music,Sci-Fi- II Sound Effects,0002.0,,0,0,
Music Guitar Metal,guitar metal power chords k ,MUSCPluck_Guitar Metal Power Chords_SCI02-242,GuitarMetalPowerChordsK.wav | Guitar & Banjo Music,Sci-Fi- II Sound Effects,0002.0,,0,0,
Music Guitar Metal,guitar metal power chords l ,MUSCPluck_Guitar Metal Power Chords_SCI02-243,GuitarMetalPowerChordsL.wav | Guitar & Banjo Music,Sci-Fi- II Sound Effects,0002.0,,0,0,
Music Guitar Metal,guitar metal power chords m ,MUSCPluck_Guitar Metal Power Chords_SCI02-244,GuitarMetalPowerChordsM.wav | Guitar & Banjo Music,Sci-Fi- II Sound Effects,0002.0,,0,0,
Music Guitar Metal,guitar metal power chords n ,MUSCPluck_Guitar Metal Power Chords_SCI02-245,GuitarMetalPowerChordsN.wav | Guitar & Banjo Music,Sci-Fi- II Sound Effects,0002.0,,0,0,
Music Guitar Metal,guitar metal power chords o ,MUSCPluck_Guitar Metal Power Chords_SCI02-246,GuitarMetalPowerChordsO.wav | Guitar & Banjo Music,Sci-Fi- II Sound Effects,0004.0,,0,0,
Music Guitar Metal,guitar metal power chords p ,MUSCPluck_Guitar Metal Power Chords_SCI02-247,GuitarMetalPowerChordsP.wav | Guitar & Banjo Music,Sci-Fi- II Sound Effects,0005.0,,0,0,
Music Guitar Metal,guitar metal power chords q ,MUSCPluck_Guitar Metal Power Chords_SCI02-248,GuitarMetalPowerChordsQ.wav | Guitar & Banjo Music,Sci-Fi- II Sound Effects,0004.0,,0,0,
Music Guitar Metal,guitar metal power chords r ,MUSCPluck_Guitar Metal Power Chords_SCI02-249,GuitarMetalPowerChordsR.wav | Guitar & Banjo Music,Sci-Fi- II Sound Effects,0003.0,,0,0,
Music Guitar Metal,guitar metal power chords s w,MUSCPluck_Guitar Metal Power Chords 479_SCI02-250,GuitarMetalPowerChordsS.wav  | Guitar & Banjo Music,Sci-Fi- II Sound Effects,0002.0,,0,0,
Music Guitar Metal,guitar metal power chords t ,MUSCPluck_Guitar Metal Power Chords_SCI02-251,GuitarMetalPowerChordsT.wav | Guitar & Banjo Music,Sci-Fi- II Sound Effects,0003.0,,0,0,
Music Guitar Metal,guitar metal power chords u w,MUSCPluck_Guitar Metal Power Chords B 66_SCI02-252,GuitarMetalPowerChordsU.wav  | Guitar & Banjo Music,Sci-Fi- II Sound Effects,0002.0,,0,0,
Music Guitar Metal,guitar metal power chords v w,MUSCPluck_Guitar Metal Power Chords CE 94_SCI02-253,GuitarMetalPowerChordsV.wav  | Guitar & Banjo Music,Sci-Fi- II Sound Effects,0001.0,,0,0,
Music Guitar Metal,guitar metal power chords w w,MUSCPluck_Guitar Metal Power Chords 16 DD_SCI02-254,GuitarMetalPowerChordsW.wav  | Guitar & Banjo Music,Sci-Fi- II Sound Effects,0001.0,,0,0,
Music Guitar Metal,guitar metal power chords x ,MUSCPluck_Guitar Metal Power Chords_SCI02-255,GuitarMetalPowerChordsX.wav | Guitar & Banjo Music,Sci-Fi- II Sound Effects,0001.0,,0,0,
Music Guitar Metal,guitar metal power chords y w,MUSCPluck_Guitar Metal Power Chords 45 7_SCI02-256,GuitarMetalPowerChordsY.wav  | Guitar & Banjo Music,Sci-Fi- II Sound Effects,0002.0,,0,0,
Music Guitar Metal,guitar metal power chords z w,MUSCPluck_Guitar Metal Power Chords D D_SCI02-257,GuitarMetalPowerChordsZ.wav  | Guitar & Banjo Music,Sci-Fi- II Sound Effects,0001.0,,0,0,
Music Guitar Metal,guitar metal power chords za w,MUSCPluck_Guitar Metal Power Chords ZA E A_SCI02-258,GuitarMetalPowerChordsZA.wav  | Guitar & Banjo Music,Sci-Fi- II Sound Effects,0001.0,,0,0,
Music Guitar Metal,guitar metal power chords zb w,MUSCPluck_Guitar Metal Power Chords ZB 16 0_SCI02-259,GuitarMetalPowerChordsZB.wav  | Guitar & Banjo Music,Sci-Fi- II Sound Effects,0002.0,,0,0,
Music Guitar Metal,guitar metal power chords zc w,MUSCPluck_Guitar Metal Power Chords ZC CE 99_SCI02-260,GuitarMetalPowerChordsZC.wav  | Guitar & Banjo Music,Sci-Fi- II Sound Effects,0001.0,,0,0,
Music Guitar Metal,guitar metal power chords zd ,MUSCPluck_Guitar Metal Power Chords ZD_SCI02-261,GuitarMetalPowerChordsZD.wav | Guitar & Banjo Music,Sci-Fi- II Sound Effects,0004.0,,0,0,
Music Guitar Metal,guitar metal power chords ze ,MUSCPluck_Guitar Metal Power Chords ZE F D_SCI02-262,GuitarMetalPowerChordsZE.wav | Guitar & Banjo Music,Sci-Fi- II Sound Effects,0002.0,,0,0,
Music Guitar Metal,guitar metal power chords ze w,MUSCPluck_Guitar Metal Power Chords ZE_SCI02-263,GuitarMetalPowerChordsZE.wav  | Guitar & Banjo Music,Sci-Fi- II Sound Effects,0002.0,,0,0,
Music Guitar Metal,guitar metal power chords zf w,MUSCPluck_Guitar Metal Power Chords ZF 4797_SCI02-264,GuitarMetalPowerChordsZF.wav  | Guitar & Banjo Music,Sci-Fi- II Sound Effects,0001.0,,0,0,
Music Guitar Metal,guitar metal power chords zg ,MUSCPluck_Guitar Metal Power Chords ZG_SCI02-265,GuitarMetalPowerChordsZG.wav | Guitar & Banjo Music,Sci-Fi- II Sound Effects,0001.0,,0,0,
Music Guitar Metal,guitar metal power chords zh ,MUSCPluck_Guitar Metal Power Chords ZH_SCI02-266,GuitarMetalPowerChordsZH.wav | Guitar & Banjo Music,Sci-Fi- II Sound Effects,0002.0,,0,0,
Music Guitar Metal,guitar metal power chords zi w,MUSCPluck_Guitar Metal Power Chords ZI CCA_SCI02-267,GuitarMetalPowerChordsZI.wav  | Guitar & Banjo Music,Sci-Fi- II Sound Effects,0002.0,,0,0,
Music Guitar Metal,guitar metal power chords zj w,MUSCPluck_Guitar Metal Power Chords ZJ 45_SCI02-268,GuitarMetalPowerChordsZJ.wav  | Guitar & Banjo Music,Sci-Fi- II Sound Effects,0003.0,,0,0,
Music Guitar Metal,guitar metal power chords zk ,MUSCPluck_Guitar Metal Power Chords ZK_SCI02-269,GuitarMetalPowerChordsZK.wav | Guitar & Banjo Music,Sci-Fi- II Sound Effects,0002.0,,0,0,
Music Guitar Metal,guitar metal power chords zl w,MUSCPluck_Guitar Metal Power Chords ZL 45 AA_SCI02-270,GuitarMetalPowerChordsZL.wav  | Guitar & Banjo Music,Sci-Fi- II Sound Effects,0002.0,,0,0,
Music Guitar Metal,guitar metal power chords zm w,MUSCPluck_Guitar Metal Power Chords ZM DE_SCI02-271,GuitarMetalPowerChordsZM.wav  | Guitar & Banjo Music,Sci-Fi- II Sound Effects,0002.0,,0,0,
Music Guitar Metal,guitar metal power chords zn w,MUSCPluck_Guitar Metal Power Chords ZN 519_SCI02-272,GuitarMetalPowerChordsZN.wav  | Guitar & Banjo Music,Sci-Fi- II Sound Effects,0002.0,,0,0,
Music Guitar Metal,guitar metal power chords zo w,MUSCPluck_Guitar Metal Power Chords ZO D 50_SCI02-273,GuitarMetalPowerChordsZO.wav  | Guitar & Banjo Music,Sci-Fi- II Sound Effects,0002.0,,0,0,
Music Guitar Metal,guitar metal power chords zp w,MUSCPluck_Guitar Metal Power Chords ZP 35_SCI02-274,GuitarMetalPowerChordsZP.wav  | Guitar & Banjo Music,Sci-Fi- II Sound Effects,0001.0,,0,0,
Music Guitar Metal,guitar metal power chords zq ,MUSCPluck_Guitar Metal Power Chords ZQ_SCI02-275,GuitarMetalPowerChordsZQ.wav | Guitar & Banjo Music,Sci-Fi- II Sound Effects,0002.0,,0,0,
Music Guitar Metal,guitar metal power chords zr w,MUSCPluck_Guitar Metal Power Chords ZR 43 ED_SCI02-276,GuitarMetalPowerChordsZR.wav  | Guitar & Banjo Music,Sci-Fi- II Sound Effects,0002.0,,0,0,
Music Guitar Metal,guitar metal power chords zs ,MUSCPluck_Guitar Metal Power Chords ZS_SCI02-277,GuitarMetalPowerChordsZS.wav | Guitar & Banjo Music,Sci-Fi- II Sound Effects,0002.0,,0,0,
Music Guitar Metal,guitar metal power chords zt ,MUSCPluck_Guitar Metal Power Chords ZT_SCI02-278,GuitarMetalPowerChordsZT.wav | Guitar & Banjo Music,Sci-Fi- II Sound Effects,0002.0,,0,0,
Music Guitar Metal,guitar metal power chords zu ,MUSCPluck_Guitar Metal Power Chords ZU_SCI02-279,GuitarMetalPowerChordsZU.wav | Guitar & Banjo Music,Sci-Fi- II Sound Effects,0002.0,,0,0,
Music Guitar Metal,guitar metal power chords zv ,MUSCPluck_Guitar Metal Power Chords ZV_SCI02-280,GuitarMetalPowerChordsZV.wav | Guitar & Banjo Music,Sci-Fi- II Sound Effects,0001.0,,0,0,
Music Guitar Metal,guitar metal power chords zw ,MUSCPluck_Guitar Metal Power Chords ZW_SCI02-281,GuitarMetalPowerChordsZW.wav | Guitar & Banjo Music,Sci-Fi- II Sound Effects,0014.0,,0,0,
Music Guitar Metal,guitar metal power chords zx w,MUSCPluck_Guitar Metal Power Chords ZX 41 0_SCI02-282,GuitarMetalPowerChordsZX.wav  | Guitar & Banjo Music,Sci-Fi- II Sound Effects,0001.0,,0,0,
Music Guitar Metal,guitar metal power chords w,MUSCPluck_Guitar Metal Power Chords ZY 9999_SCI02-283,GuitarMetalPowerChordsZY.wav  | Guitar & Banjo Music,Sci-Fi- II Sound Effects,0001.0,,0,0,
Music Guitar Metal,guitar metal power chords zz w,MUSCPluck_Guitar Metal Power Chords ZZ 163_SCI02-284,GuitarMetalPowerChordsZZ.wav  | Guitar & Banjo Music,Sci-Fi- II Sound Effects,0002.0,,0,0,
Music Guitar Metal,guitar metal power chords zza ,MUSCPluck_Guitar Metal Power Chords ZZA_SCI02-285,GuitarMetalPowerChordsZZA.wav | Guitar & Banjo Music,Sci-Fi- II Sound Effects,0003.0,,0,0,
Music Guitar Metal,guitar metal power chords zzb ,MUSCPluck_Guitar Metal Power Chords ZZB_SCI02-286,GuitarMetalPowerChordsZZB.wav | Guitar & Banjo Music,Sci-Fi- II Sound Effects,0003.0,,0,0,
Music Guitar Metal,guitar metal power chords zzc ,MUSCPluck_Guitar Metal Power Chords ZZC_SCI02-287,GuitarMetalPowerChordsZZC.wav | Guitar & Banjo Music,Sci-Fi- II Sound Effects,0003.0,,0,0,
Music Guitar Metal,guitar metal power chords zzd ,MUSCPluck_Guitar Metal Power Chords ZZD_SCI02-288,GuitarMetalPowerChordsZZD.wav | Guitar & Banjo Music,Sci-Fi- II Sound Effects,0001.0,,0,0,
Music Guitar Metal,guitar metal power chords zze ,MUSCPluck_Guitar Metal Power Chords ZZE_SCI02-289,GuitarMetalPowerChordsZZE.wav | Guitar & Banjo Music,Sci-Fi- II Sound Effects,0002.0,,0,0,
Music Harp,harp arppegio pluck down slow ,MUSCPluck_Harp Arppegio Pluck Down Slow_SCI02-290,HarpArppegioPluckDownSlow.wav | Harp Music,Sci-Fi- II Sound Effects,0052.0,,0,0,
Music Harp,harp gliss chord down fast a ,MUSCPluck_Harp Gliss Chord Down Fast_SCI02-291,HarpGlissChordDownFastA.wav | Harp Music,Sci-Fi- II Sound Effects,0008.0,,0,0,
Music Harp,harp gliss chord down fast b ,MUSCPluck_Harp Gliss Chord Down Fast_SCI02-292,HarpGlissChordDownFastB.wav | Harp Music,Sci-Fi- II Sound Effects,0013.0,,0,0,
Music Harp,harp gliss chord down fast zip ,MUSCPluck_Harp Gliss Chord Down Fast Zip_SCI02-294,HarpGlissChordDownFastZip.wav | Harp Music,Sci-Fi- II Sound Effects,0009.0,,0,0,
Music Harp,harp gliss chord down medium a ,MUSCPluck_Harp Gliss Chord Down Medium_SCI02-295,HarpGlissChordDownMediumA.wav | Harp Music,Sci-Fi- II Sound Effects,0007.0,,0,0,
Music Harp,harp gliss chord down medium b ,MUSCPluck_Harp Gliss Chord Down Medium_SCI02-296,HarpGlissChordDownMediumB.wav | Harp Music,Sci-Fi- II Sound Effects,0012.0,,0,0,
Music Harp,harp gliss chord down medium c ,MUSCPluck_Harp Gliss Chord Down Medium_SCI02-297,HarpGlissChordDownMediumC.wav | Harp Music,Sci-Fi- II Sound Effects,0007.0,,0,0,
Music Harp,harp gliss chord down slow mult,MUSCPluck_Harp Gliss Chord Down Slow Multiple_SCI02-299,HarpGlissChordDownSlowMultiple.wav | Harp Music,Sci-Fi- II Sound Effects,0123.0,,0,0,
Music Harp,harp gliss chord down strum med,MUSCPluck_Harp Gliss Chord Down Strum Medium_SCI02-300,HarpGlissChordDownStrumMedium.wav | Harp Music,Sci-Fi- II Sound Effects,0012.0,,0,0,
Music Harp,harp gliss chord muted down a ,MUSCPluck_Harp Gliss Chord Muted Down_SCI02-307,HarpGlissChordMutedDownA.wav | Harp Music,Sci-Fi- II Sound Effects,0003.0,,0,0,
Music Harp,harp gliss chord muted down b ,MUSCPluck_Harp Gliss Chord Muted Down_SCI02-308,HarpGlissChordMutedDownB.wav | Harp Music,Sci-Fi- II Sound Effects,0003.0,,0,0,
Music Harp,harp gliss chord muted down fas,MUSCPluck_Harp Gliss Chord Muted Down Fast_SCI02-309,HarpGlissChordMutedDownFastA.wav | Harp Music,Sci-Fi- II Sound Effects,0003.0,,0,0,
Music Harp,harp gliss chord muted down fas,MUSCPluck_Harp Gliss Chord Muted Down Fast_SCI02-310,HarpGlissChordMutedDownFastB.wav | Harp Music,Sci-Fi- II Sound Effects,0003.0,,0,0,
Music Harp,harp gliss chord muted down med,MUSCPluck_Harp Gliss Chord Muted Down Medium_SCI02-311,HarpGlissChordMutedDownMedium.wav | Harp Music,Sci-Fi- II Sound Effects,0003.0,,0,0,
Music Harp,harp gliss chord muted down up ,MUSCPluck_Harp Gliss Chord Muted Down Up_SCI02-312,HarpGlissChordMutedDownUp.wav | Harp Music,Sci-Fi- II Sound Effects,0003.0,,0,0,
Music Harp,harp gliss chord muted fast up ,MUSCPluck_Harp Gliss Chord Muted Fast Up_SCI02-313,HarpGlissChordMutedFastUp.wav | Harp Music,Sci-Fi- II Sound Effects,0003.0,,0,0,
Music Harp,harp gliss chord muted fast zip,MUSCPluck_Harp Gliss Chord Muted Fast Zip Down_SCI02-314,HarpGlissChordMutedFastZipDownA.wav | Harp Music,Sci-Fi- II Sound Effects,0003.0,,0,0,
Music Harp,harp gliss chord muted fast zip,MUSCPluck_Harp Gliss Chord Muted Fast Zip Down_SCI02-315,HarpGlissChordMutedFastZipDownB.wav | Harp Music,Sci-Fi- II Sound Effects,0004.0,,0,0,
Music Harp,harp gliss chord muted fast zip,MUSCPluck_Harp Gliss Chord Muted Fast Zip Down_SCI02-316,HarpGlissChordMutedFastZipDownC.wav | Harp Music,Sci-Fi- II Sound Effects,0002.0,,0,0,
Music Harp,harp gliss chord muted fast zip,MUSCPluck_Harp Gliss Chord Muted Fast Zip Down_SCI02-317,HarpGlissChordMutedFastZipDownD.wav | Harp Music,Sci-Fi- II Sound Effects,0003.0,,0,0,
Music Harp,harp gliss chord muted a ,MUSCPluck_Harp Gliss Chord Muted Up_SCI02-318,HarpGlissChordMutedUpA.wav | Harp Music,Sci-Fi- II Sound Effects,0003.0,,0,0,
Music Harp,harp gliss chord muted b ,MUSCPluck_Harp Gliss Chord Muted Up_SCI02-319,HarpGlissChordMutedUpB.wav | Harp Music,Sci-Fi- II Sound Effects,0004.0,,0,0,
Music Harp,harp gliss chord slow down ,MUSCPluck_Harp Gliss Chord Slow Down_SCI02-322,HarpGlissChordSlowDown.wav | Harp Music,Sci-Fi- II Sound Effects,0052.0,,0,0,
Music Harp,harp gliss chord strum zip a ,MUSCPluck_Harp Gliss Chord Strum Zip Up_SCI02-323,HarpGlissChordStrumZipUpA.wav | Harp Music,Sci-Fi- II Sound Effects,0003.0,,0,0,
Music Harp,harp gliss chord strum zip b ,MUSCPluck_Harp Gliss Chord Strum Zip Up_SCI02-324,HarpGlissChordStrumZipUpB.wav | Harp Music,Sci-Fi- II Sound Effects,0003.0,,0,0,
Music Harp,harp gliss chord strum zip c ,MUSCPluck_Harp Gliss Chord Strum Zip Up_SCI02-325,HarpGlissChordStrumZipUpC.wav | Harp Music,Sci-Fi- II Sound Effects,0003.0,,0,0,
Music Harp,harp gliss chord tap hit ,MUSCPluck_Harp Gliss Chord Tap Hit_SCI02-326,HarpGlissChordTapHit.wav | Harp Music,Sci-Fi- II Sound Effects,0006.0,,0,0,
Music Harp,harp gliss chord fast ,MUSCPluck_Harp Gliss Chord Up Fast_SCI02-327,HarpGlissChordUpFast.wav | Harp Music,Sci-Fi- II Sound Effects,0012.0,,0,0,
Music Harp,harp gliss chord fast b ,MUSCPluck_Harp Gliss Chord Up Fast_SCI02-328,HarpGlissChordUpFastB.wav | Harp Music,Sci-Fi- II Sound Effects,0013.0,,0,0,
Music Harp,harp gliss chord slow ,MUSCPluck_Harp Gliss Chord Up Slow_SCI02-338,HarpGlissChordUpSlow.wav | Harp Music,Sci-Fi- II Sound Effects,0008.0,,0,0,
Music Harp,harp gliss chord zip down a ,MUSCPluck_Harp Gliss Chord Zip Down_SCI02-339,HarpGlissChordZipDownA.wav | Harp Music,Sci-Fi- II Sound Effects,0003.0,,0,0,
Music Harp,harp gliss chord zip down b ,MUSCPluck_Harp Gliss Chord Zip Down_SCI02-340,HarpGlissChordZipDownB.wav | Harp Music,Sci-Fi- II Sound Effects,0003.0,,0,0,
Music Harp,harp gliss chord zip down c ,MUSCPluck_Harp Gliss Chord Zip Down_SCI02-341,HarpGlissChordZipDownC.wav | Harp Music,Sci-Fi- II Sound Effects,0003.0,,0,0,
Music Harp,harp gliss chord low strum ,MUSCPluck_Harp Gliss Chord Low Strum_SCI02-305,HarpGlissChordLowStrum.wav | Harp Music,Sci-Fi- II Sound Effects,0017.0,,0,0,
Music Harp,harp gliss chord fast zip ,MUSCPluck_Harp Gliss Chord Up Fast Zip_SCI02-331,HarpGlissChordUpFastZip.wav | Harp Music,Sci-Fi- II Sound Effects,0017.0,,0,0,
Music Harp,harp gliss chord medium ,MUSCPluck_Harp Gliss Chord Up Medium_SCI02-332,HarpGlissChordUpMediumA.wav | Harp Music,Sci-Fi- II Sound Effects,0011.0,,0,0,
Music Harp,harp gliss chord medium b ,MUSCPluck_Harp Gliss Chord Up Medium_SCI02-333,HarpGlissChordUpMediumB.wav | Harp Music,Sci-Fi- II Sound Effects,0008.0,,0,0,
Music Harp,harp gliss chord pretty ,MUSCPluck_Harp Gliss Chord Up Pretty_SCI02-334,HarpGlissChordUpPretty.wav | Harp Music,Sci-Fi- II Sound Effects,0003.0,,0,0,
Music Harp Fantasy,harp gliss chord medium mystica,MUSCPluck_Harp Gliss Chord Medium Up Mystical_SCI02-306,HarpGlissChordMediumUpMystical.wav | Harp Music,Sci-Fi- II Sound Effects,0004.0,,0,0,
Music Harp Fantasy,harp gliss chord fast mystical,MUSCPluck_Harp Gliss Chord Fast Up Mystical_SCI02-303,HarpGlissChordFastUpMysticalA.wav | Harp Music,Sci-Fi- II Sound Effects,0004.0,,0,0,
Music Harp Fantasy,harp gliss chord fast mystical,MUSCPluck_Harp Gliss Chord Fast Up Mystical_SCI02-304,HarpGlissChordFastUpMysticalB.wav | Harp Music,Sci-Fi- II Sound Effects,0004.0,,0,0,
Music Harp Horror,harp gliss chord scary a ,MUSCPluck_Harp Gliss Chord Up Scary_SCI02-335,HarpGlissChordUpScaryA.wav | Harp Music,Sci-Fi- II Sound Effects,0003.0,,0,0,
Music Harp Horror,harp gliss chord scary b ,MUSCPluck_Harp Gliss Chord Up Scary_SCI02-336,HarpGlissChordUpScaryB.wav | Harp Music,Sci-Fi- II Sound Effects,0012.0,,0,0,
Music Harp Horror,harp gliss chord scary d ,MUSCPluck_Harp Gliss Chord Up Scary_SCI02-337,HarpGlissChordUpScaryC.wav | Harp Music,Sci-Fi- II Sound Effects,0011.0,,0,0,
Music Harp Horror,harp gliss chord fast scary a ,MUSCPluck_Harp Gliss Chord Up Fast Scary_SCI02-329,HarpGlissChordUpFastScaryA.wav | Harp Music,Sci-Fi- II Sound Effects,0015.0,,0,0,
Music Harp Horror,harp gliss chord fast scary b ,MUSCPluck_Harp Gliss Chord Up Fast Scary_SCI02-330,HarpGlissChordUpFastScaryB.wav | Harp Music,Sci-Fi- II Sound Effects,0024.0,,0,0,
Music Harp Horror,harp gliss chord scary ,MUSCPluck_Harp Gliss Chord Scary_SCI02-320,HarpGlissChordScary.wav | Harp Music,Sci-Fi- II Sound Effects,0011.0,,0,0,
Music Harp Horror,harp gliss chord scary sprinkle,MUSCPluck_Harp Gliss Chord Scary Sprinkle_SCI02-321,HarpGlissChordScarySprinkle.wav | Harp Music,Sci-Fi- II Sound Effects,0010.0,,0,0,
Music Harp Horror,harp gliss chord fast scary a ,MUSCPluck_Harp Gliss Chord Fast Scary_SCI02-301,HarpGlissChordFastScaryA.wav | Harp Music,Sci-Fi- II Sound Effects,0010.0,,0,0,
Music Harp Horror,harp gliss chord fast scary b ,MUSCPluck_Harp Gliss Chord Fast Scary_SCI02-302,HarpGlissChordFastScaryB.wav | Harp Music,Sci-Fi- II Sound Effects,0018.0,,0,0,
Music Harp Horror,harp gliss chord down scary ,MUSCPluck_Harp Gliss Chord Down Scary_SCI02-298,HarpGlissChordDownScary.wav | Harp Music,Sci-Fi- II Sound Effects,0011.0,,0,0,
Music Harp Horror,harp gliss chord down fast scar,MUSCPluck_Harp Gliss Chord Down Fast Scary_SCI02-293,HarpGlissChordDownFastScary.wav | Harp Music,Sci-Fi- II Sound Effects,0023.0,,0,0,
Music Organ,church organ air disonance ,MUSCKeyd_Church Organ Air Disonance_SCI02-144,ChurchOrganAirDisonance.wav | Organ Music,Sci-Fi- II Sound Effects,0018.0,,0,0,
Music Piano,piano string pluck disonantwav ,MUSCKeyd_Piano String Pluck Disonantwav_SCI02-560,PianoStringPluckDisonantwav.wav | Piano Music,Sci-Fi- II Sound Effects,0012.0,,0,0,
Music Piano,tone electric piano muffled,MUSCKeyd_Tone Electric Piano Muffled_SCI02-777,ToneElectricPianoMuffled.wav | Space Drones & Electronic Tones;Piano Music,Sci-Fi- II Sound Effects,0022.0,,0,0,
Music Synth,tone harmonic synth ,DSGNTonl_Tone Harmonic Synth_SCI02-791,ToneHarmonicSynth.wav | Space Drones & Electronic Tones;Synth Music,Sci-Fi- II Sound Effects,0011.0,,0,0,
Music Synth,tone bass lurking,SCIMach_Tone Bass Lurking_SCI02-675,ToneBassLurking.wav | Synth Music,Sci-Fi- II Sound Effects,0038.0,,0,0,
Music Synth,tone bass modulated,MUSCStr_Tone Bass Modulated LFO_SCI02-676,ToneBassModulatedLFO.wav | Synth Music,Sci-Fi- II Sound Effects,0017.0,,0,0,
Music Synth,tone bass repeat,DSGNBass_Tone Bass Repeat_SCI02-677,ToneBassRepeat.wav | Synth Music,Sci-Fi- II Sound Effects,0019.0,,0,0,
Music Synth,tone bass slide warp,DSGNBass_Tone Bass Slide Warp_SCI02-680,ToneBassSlideWarp.wav | Synth Music,Sci-Fi- II Sound Effects,0017.0,,0,0,
Music Synth,tone bass slide warp sustain,DSGNBass_Tone Bass Slide Warp Sustain_SCI02-681,ToneBassSlideWarpSustain.wav | Synth Music,Sci-Fi- II Sound Effects,0024.0,,0,0,
Music Synth,tone bass slow attack,DSGNBass_Tone Bass Slow Attack_SCI02-682,ToneBassSlowAttack.wav | Synth Music,Sci-Fi- II Sound Effects,0028.0,,0,0,
Music Synth,tone bass stutter sustain,DSGNBass_Tone Bass Stutter Sustain_SCI02-683,ToneBassStutterSustain.wav | Synth Music,Sci-Fi- II Sound Effects,0007.0,,0,0,
Music Synth,tone bass suspense,DSGNBass_Tone Bass Suspense_SCI02-684,ToneBassSuspense.wav | Synth Music,Sci-Fi- II Sound Effects,0022.0,,0,0,
Music Synth,tone bass swell dark,DSGNBass_Tone Bass Swell Dark_SCI02-685,ToneBassSwellDark.wav | Synth Music,Sci-Fi- II Sound Effects,0014.0,,0,0,
Music Synth,tone bass swell resonance,DSGNBass_Tone Bass Swell Resonance_SCI02-686,ToneBassSwellResonance.wav | Synth Music,Sci-Fi- II Sound Effects,0027.0,,0,0,
Music Synth,tone bass euro stab,MUSCStr_Tone Bass Euro Stab_SCI02-672,ToneBassEuroStab.wav | Synth Music,Sci-Fi- II Sound Effects,0005.0,,0,0,
Music Synth,tone bass industrial,UIGlitch_Tone Bass Industrial_SCI02-673,ToneBassIndustrial.wav | Synth Music,Sci-Fi- II Sound Effects,0010.0,,0,0,
Music Synth,suspense backwards rise,DSGNRise_Suspense Backwards Rise_SCI02-647,SuspenseBackwardsRise.wav | Drama Horror Mystery & Suspense Music;Sci Fi Music;Synth Music,Sci-Fi- II Sound Effects,0023.0,,0,0,
Music Synth,tone bass cosmic,DSGNBass_Tone Bass Cosmic_SCI02-666,ToneBassCosmic.wav | Synth Music,Sci-Fi- II Sound Effects,0016.0,,0,0,
Music Synth,tone bass delay time change,TOONMx_Tone Bass Delay Time Change_SCI02-667,ToneBassDelayTimeChangeA.wav | Synth Music,Sci-Fi- II Sound Effects,0049.0,,0,0,
Music Synth,tone bass delay time change,TOONMx_Tone Bass Delay Time Change_SCI02-668,ToneBassDelayTimeChangeB.wav | Synth Music,Sci-Fi- II Sound Effects,0028.0,,0,0,
Music Synth,tone bass drop spread,DSGNBass_Tone Bass Drop Spread_SCI02-669,ToneBassDropSpread.wav | Synth Music,Sci-Fi- II Sound Effects,0002.0,,0,0,
Music Synth,synth backwards rising various,DSGNStngr_Synth Backwards Rising Various_SCI02-650,SynthBackwardsRisingVarious.wav | Space Landings & Take Offs;Sci Fi Music;Synth Music,Sci-Fi- II Sound Effects,0119.0,,0,0,
Pipe Hit,pipe metal clank hits ,METLImpt_Pipe Metal Clank Hits_SCI02-561,PipeMetalClankHits.wav | Metal Impacts,Sci-Fi- II Sound Effects,0015.0,,0,0,
Radio Static,static radio walkie talkie ,COMStatic_Static Radio Walkie Talkie_SCI02-618,StaticRadioWalkieTalkie.wav | Static;Radios;Walkie Talkies,Sci-Fi- II Sound Effects,0010.0,,0,0,
Robot Computer,robot motor computer drive clun,CMPTDriv_Robot Motor Computer Drive Clunks_SCI02-570,RobotMotorComputerDriveClunksA.wav | Androids Robots & Sci Fi Servos;Computer Storage Drives,Sci-Fi- II Sound Effects,0039.0,,0,0,
Robot Computer,robot motor computer drive clun,CMPTDriv_Robot Motor Computer Drive Clunks_SCI02-571,RobotMotorComputerDriveClunksB.wav | Androids Robots & Sci Fi Servos;Computer Storage Drives,Sci-Fi- II Sound Effects,0018.0,,0,0,
Robot Computer,robot motor computer drive off ,CMPTDriv_Robot Motor Computer Drive On Off_SCI02-572,RobotMotorComputerDriveOnOff.wav | Androids Robots & Sci Fi Servos;Computer Storage Drives,Sci-Fi- II Sound Effects,0034.0,,0,0,
Robot Computer,robot motor computer drive star,CMPTDriv_Robot Motor Computer Drive Start Stop_SCI02-573,RobotMotorComputerDriveStartStop.wav | Androids Robots & Sci Fi Servos;Computer Storage Drives,Sci-Fi- II Sound Effects,0034.0,,0,0,
Robot Motor,robot motor heavy grind pan w,ROBTMvmt_Robot Motor Heavy Grind Pan 4806_SCI02-574,RobotMotorHeavyGrindPan.wav  | Androids Robots & Sci Fi Servos;Engines Motors & Machines,Sci-Fi- II Sound Effects,0031.0,,0,0,
Robot Motor,robot motor machine a ,MOTRSrvo_Robot Motor Machine_SCI02-575,RobotMotorMachineA.wav | Androids Robots & Sci Fi Servos;Engines Motors & Machines,Sci-Fi- II Sound Effects,0008.0,,0,0,
Robot Motor,robot motor machine b ,MOTRSrvo_Robot Motor Machine_SCI02-576,RobotMotorMachineB.wav | Androids Robots & Sci Fi Servos;Engines Motors & Machines,Sci-Fi- II Sound Effects,0008.0,,0,0,
Robot Motor,robot motor pan gear grinds ,ROBTMvmt_Robot Motor Pan Gear Grinds_SCI02-577,RobotMotorPanGearGrinds.wav | Androids Robots & Sci Fi Servos;Engines Motors & Machines,Sci-Fi- II Sound Effects,0026.0,,0,0,
Robot Motor,robot motor pan high speed ,ROBTMvmt_Robot Motor Pan High Speed_SCI02-578,RobotMotorPanHighSpeed.wav | Androids Robots & Sci Fi Servos;Engines Motors & Machines,Sci-Fi- II Sound Effects,0045.0,,0,0,
Robot Motor,robot motor pan small moves ,MOTRSrvo_Robot Motor Pan Small Moves_SCI02-579,RobotMotorPanSmallMoves.wav | Androids Robots & Sci Fi Servos;Engines Motors & Machines,Sci-Fi- II Sound Effects,0018.0,,0,0,
Robot Motor,robot motor pan start stop ,ROBTMvmt_Robot Motor Pan Start Stop_SCI02-580,RobotMotorPanStartStop.wav | Androids Robots & Sci Fi Servos;Engines Motors & Machines,Sci-Fi- II Sound Effects,0012.0,,0,0,
Robot Motor,robot motor pan variations ,ROBTMvmt_Robot Motor Pan Variations_SCI02-581,RobotMotorPanVariations.wav | Androids Robots & Sci Fi Servos;Engines Motors & Machines,Sci-Fi- II Sound Effects,0108.0,,0,0,
Robot Motor,robot motor pan variations slow,ROBTMvmt_Robot Motor Pan Variations Slow_SCI02-582,RobotMotorPanVariationsSlow.wav | Androids Robots & Sci Fi Servos;Engines Motors & Machines,Sci-Fi- II Sound Effects,0036.0,,0,0,
Robot Motor,robot motor pan very speed ,ROBTMvmt_Robot Motor Pan Very Hi Speed_SCI02-583,RobotMotorPanVeryHiSpeed.wav | Androids Robots & Sci Fi Servos;Engines Motors & Machines,Sci-Fi- II Sound Effects,0038.0,,0,0,
Robot Motor,robot motor small multiple ,ROBTMvmt_Robot Motor Small Multiple_SCI02-586,RobotMotorSmallMultiple.wav | Androids Robots & Sci Fi Servos;Engines Motors & Machines,Sci-Fi- II Sound Effects,0114.0,,0,0,
Robot Motor,robot motor tilt fast high ,ROBTMvmt_Robot Motor Tilt Fast High_SCI02-587,RobotMotorTiltFastHigh.wav | Androids Robots & Sci Fi Servos;Engines Motors & Machines,Sci-Fi- II Sound Effects,0041.0,,0,0,
Robot Motor,robot motor tilt variatons ,ROBTMvmt_Robot Motor Tilt Variatons_SCI02-590,RobotMotorTiltVariatons.wav | Androids Robots & Sci Fi Servos;Engines Motors & Machines,Sci-Fi- II Sound Effects,0029.0,,0,0,
Robot Motor,robot motor click relay a ,ROBTMvmt_Robot Motor Click Relay_SCI02-562,RobotMotorClickRelayA.wav | Androids Robots & Sci Fi Servos;Engines Motors & Machines,Sci-Fi- II Sound Effects,0010.0,,0,0,
Robot Motor,robot motor click relay b ,ROBTMvmt_Robot Motor Click Relay_SCI02-563,RobotMotorClickRelayB.wav | Androids Robots & Sci Fi Servos;Engines Motors & Machines,Sci-Fi- II Sound Effects,0004.0,,0,0,
Robot Motor,robot motor click relay c ,ROBTMvmt_Robot Motor Click Relay_SCI02-564,RobotMotorClickRelayC.wav | Androids Robots & Sci Fi Servos;Engines Motors & Machines,Sci-Fi- II Sound Effects,0010.0,,0,0,
Robot Motor,robot motor click relay d ,ROBTMvmt_Robot Motor Click Relay_SCI02-565,RobotMotorClickRelayD.wav | Androids Robots & Sci Fi Servos;Engines Motors & Machines,Sci-Fi- II Sound Effects,0002.0,,0,0,
Robot Motor,robot motor click relay off a ,ROBTMvmt_Robot Motor Click Relay On Off_SCI02-566,RobotMotorClickRelayOnOffA.wav | Androids Robots & Sci Fi Servos;Engines Motors & Machines,Sci-Fi- II Sound Effects,0007.0,,0,0,
Robot Motor,robot motor click relay off b ,ROBTMvmt_Robot Motor Click Relay On Off_SCI02-567,RobotMotorClickRelayOnOffB.wav | Androids Robots & Sci Fi Servos;Engines Motors & Machines,Sci-Fi- II Sound Effects,0007.0,,0,0,
Robot Motor,robot motor click solonoid rela,ROBTMvmt_Robot Motor Click Solonoid Relay_SCI02-568,RobotMotorClickSolonoidRelayA.wav | Androids Robots & Sci Fi Servos;Engines Motors & Machines,Sci-Fi- II Sound Effects,0008.0,,0,0,
Robot Motor,robot motor click solonoid rela,ROBTMvmt_Robot Motor Click Solonoid Relay_SCI02-569,RobotMotorClickSolonoidRelayB.wav | Androids Robots & Sci Fi Servos;Engines Motors & Machines,Sci-Fi- II Sound Effects,0008.0,,0,0,
Robot Motor,robot motor zoom revs small ,ROBTMvmt_Robot Motor Zoom Revs Small_SCI02-602,RobotMotorZoomRevsSmall.wav | Androids Robots & Sci Fi Servos;Engines Motors & Machines,Sci-Fi- II Sound Effects,0015.0,,0,0,
Robot Motor Grind,robot motor tilt gear grinds a ,ROBTMvmt_Robot Motor Tilt Gear Grinds_SCI02-588,RobotMotorTiltGearGrindsA.wav | Androids Robots & Sci Fi Servos;Engines Motors & Machines,Sci-Fi- II Sound Effects,0044.0,,0,0,
Robot Motor Grind,robot motor tilt gear grinds b ,ROBTMvmt_Robot Motor Tilt Gear Grinds_SCI02-589,RobotMotorTiltGearGrindsB.wav | Androids Robots & Sci Fi Servos;Engines Motors & Machines,Sci-Fi- II Sound Effects,0029.0,,0,0,
Robot Motor Whir,robot motor whir a w,ROBTMvmt_Robot Motor Whir 1355_SCI02-591,RobotMotorWhirA.wav  | Androids Robots & Sci Fi Servos;Engines Motors & Machines,Sci-Fi- II Sound Effects,0006.0,,0,0,
Robot Motor Whir,robot motor whir b ,ROBTMvmt_Robot Motor Whir_SCI02-592,RobotMotorWhirB.wav | Androids Robots & Sci Fi Servos;Engines Motors & Machines,Sci-Fi- II Sound Effects,0006.0,,0,0,
Robot Motor Whir,robot motor whir long a ,ROBTMvmt_Robot Motor Whir Long_SCI02-593,RobotMotorWhirLongA.wav | Androids Robots & Sci Fi Servos;Engines Motors & Machines,Sci-Fi- II Sound Effects,0024.0,,0,0,
Robot Motor Whir,robot motor whir long b ,ROBTMvmt_Robot Motor Whir Long_SCI02-594,RobotMotorWhirLongB.wav | Androids Robots & Sci Fi Servos;Engines Motors & Machines,Sci-Fi- II Sound Effects,0023.0,,0,0,
Robot Motor Whir,robot motor whir servo a w,MOTRSrvo_Robot Motor Whir Servo F 99_SCI02-595,RobotMotorWhirServoA.wav   | Androids Robots & Sci Fi Servos;Hydraulics Servos & Robotics,Sci-Fi- II Sound Effects,0022.0,,0,0,
Robot Servo,robot motor whir servo b ,MOTRSrvo_Robot Motor Whir Servo_SCI02-596,RobotMotorWhirServoB.wav | Androids Robots & Sci Fi Servos;Hydraulics Servos & Robotics,Sci-Fi- II Sound Effects,0021.0,,0,0,
Robot Servo,robot motor whir servo c ,MOTRSrvo_Robot Motor Whir Servo_SCI02-597,RobotMotorWhirServoC.wav | Androids Robots & Sci Fi Servos;Hydraulics Servos & Robotics,Sci-Fi- II Sound Effects,0013.0,,0,0,
Robot Servo,robot motor whir servo d ,MOTRSrvo_Robot Motor Whir Servo_SCI02-598,RobotMotorWhirServoD.wav | Androids Robots & Sci Fi Servos;Hydraulics Servos & Robotics,Sci-Fi- II Sound Effects,0028.0,,0,0,
Robot Servo,robot motor whir servo e ,MOTRSrvo_Robot Motor Whir Servo_SCI02-599,RobotMotorWhirServoE.wav | Androids Robots & Sci Fi Servos;Hydraulics Servos & Robotics,Sci-Fi- II Sound Effects,0016.0,,0,0,
Robot Servo,robot motor whir servo f ,MOTRSrvo_Robot Motor Whir Servo_SCI02-600,RobotMotorWhirServoF.wav | Androids Robots & Sci Fi Servos;Hydraulics Servos & Robotics,Sci-Fi- II Sound Effects,0011.0,,0,0,
Robot Servo,robot motor whir servo g w,MOTRSrvo_Robot Motor Whir Servo 06 9_SCI02-601,RobotMotorWhirServoG.wav  | Androids Robots & Sci Fi Servos;Hydraulics Servos & Robotics,Sci-Fi- II Sound Effects,0014.0,,0,0,
Robot Servo,robot motor servo jerks a ,MOTRSrvo_Robot Motor Servo Jerks_SCI02-584,RobotMotorServoJerksA.wav | Androids Robots & Sci Fi Servos;Hydraulics Servos & Robotics,Sci-Fi- II Sound Effects,0012.0,,0,0,
Robot Servo,robot motor servo jerks b ,MOTRSrvo_Robot Motor Servo Jerks_SCI02-585,RobotMotorServoJerksB.wav | Androids Robots & Sci Fi Servos;Hydraulics Servos & Robotics,Sci-Fi- II Sound Effects,0012.0,,0,0,
Robot Voice,robot voice scrambled ,ROBTVox_Robot Voice Scrambled_SCI02-603,RobotVoiceScrambled.wav | Androids Robots & Sci Fi Servos;Sci Fi & Computer Voices,Sci-Fi- II Sound Effects,0021.0,,0,0,
Rocket Afterburner,rocket afterburner fire flame n,AERORckt_Rocket Afterburner Fire Flame Near_SCI02-604,RocketAfterburnerFireFlameNear.wav | Spacecraft Interiors Engines & Rumbles;Space Landings & Take Offs;Rocket Launchers & RPGs,Sci-Fi- II Sound Effects,0022.0,,0,0,
Rocket Afterburner,rocket afterburner fire flame r,AERORckt_Rocket Afterburner Fire Flame Roar_SCI02-605,RocketAfterburnerFireFlameRoar.wav | Spacecraft Interiors Engines & Rumbles;Space Landings & Take Offs;Rocket Launchers & RPGs,Sci-Fi- II Sound Effects,0037.0,,0,0,
Rocket Afterburner,rocket afterburner fire flame s,AERORckt_Rocket Afterburner Fire Flame Short_SCI02-606,RocketAfterburnerFireFlameShort.wav | Spacecraft Interiors Engines & Rumbles;Space Landings & Take Offs;Rocket Launchers & RPGs,Sci-Fi- II Sound Effects,0018.0,,0,0,
Rocket Afterburner,rocket afterburner fire flanged,AERORckt_Rocket Afterburner Fire Flanged_SCI02-607,RocketAfterburnerFireFlanged.wav | Spacecraft Interiors Engines & Rumbles;Space Landings & Take Offs;Rocket Launchers & RPGs,Sci-Fi- II Sound Effects,0009.0,,0,0,
Rocket Afterburner,rocket afterburner fire roar fl,AERORckt_Rocket Afterburner Fire Roar Flange_SCI02-608,RocketAfterburnerFireRoarFlange.wav | Spacecraft Interiors Engines & Rumbles;Space Landings & Take Offs;Rocket Launchers & RPGs,Sci-Fi- II Sound Effects,0056.0,,0,0,
Rocket Afterburner,rocket afterburner fire roar fl,AERORckt_Rocket Afterburner Fire Roar Flange Steady_SCI02-609,RocketAfterburnerFireRoarFlangeSteady.wav | Spacecraft Interiors Engines & Rumbles;Space Landings & Take Offs;Rocket Launchers & RPGs,Sci-Fi- II Sound Effects,0023.0,,0,0,
Rocket Afterburner,rocket afterburner fire roar fl,AERORckt_Rocket Afterburner Fire Roar Flange Varied_SCI02-610,RocketAfterburnerFireRoarFlangeVaried.wav | Spacecraft Interiors Engines & Rumbles;Space Landings & Take Offs;Rocket Launchers & RPGs,Sci-Fi- II Sound Effects,0030.0,,0,0,
Sci Fi Ambience,tone motor spaceship ambience,SCIMach_Tone Motor Spaceship Ambience_SCI02-821,ToneMotorSpaceshipAmbience.wav | Space Drones & Electronic Tones;Sci Fi Ambiences;Spacecraft Interiors Engines & Rumbles,Sci-Fi- II Sound Effects,0058.0,,0,0,
Sci Fi Communication,tone radio static alien a ,COMStatic_Tone Radio Static Alien_SCI02-860,ToneRadioStaticAlienA.wav | Space Drones & Electronic Tones;Alien & Space Transmissions;Static;Radios,Sci-Fi- II Sound Effects,0103.0,,0,0,
Sci Fi Communication,tone radio static alien b ,COMStatic_Tone Radio Static Alien_SCI02-861,ToneRadioStaticAlienB.wav | Space Drones & Electronic Tones;Alien & Space Transmissions;Static;Radios,Sci-Fi- II Sound Effects,0010.0,,0,0,
Sci Fi Computer,tone steady computer entry,CMPTDriv_Tone Steady Computer Entry_SCI02-901,ToneSteadyComputerEntry.wav | Space Drones & Electronic Tones;Computer Keyboards & Mice,Sci-Fi- II Sound Effects,0000.0,,0,0,
Sci Fi Door,door metal slide space ship a ,SCIDoor_Door Metal Slide Space Ship_SCI02-162,DoorMetalSlideSpaceShipA.wav | Space Doors Hatches & Airlocks,Sci-Fi- II Sound Effects,0004.0,,0,0,
Sci Fi Door,door metal slide space ship b ,SCIDoor_Door Metal Slide Space Ship_SCI02-163,DoorMetalSlideSpaceShipB.wav | Space Doors Hatches & Airlocks,Sci-Fi- II Sound Effects,0004.0,,0,0,
Sci Fi Door,door metal slide space ship c ,SCIDoor_Door Metal Slide Space Ship_SCI02-164,DoorMetalSlideSpaceShipC.wav | Space Doors Hatches & Airlocks,Sci-Fi- II Sound Effects,0004.0,,0,0,
Sci Fi Door,door metal slide space ship d ,SCIDoor_Door Metal Slide Space Ship_SCI02-165,DoorMetalSlideSpaceShipD.wav | Space Doors Hatches & Airlocks,Sci-Fi- II Sound Effects,0004.0,,0,0,
Sci Fi Drone,drone choir voice deep space ,DSGNDron_Drone Choir Voice Deep Space_SCI02-166,DroneChoirVoiceDeepSpace.wav | Space Drones & Electronic Tones;Sci Fi Ambiences,Sci-Fi- II Sound Effects,0109.0,,0,0,
Sci Fi Drone,drown hum low synth tone ,DSGNDron_Drown Hum Low Synth Tone_SCI02-171,DrownHumLowSynthTone.wav | Space Drones & Electronic Tones;Sci Fi Ambiences,Sci-Fi- II Sound Effects,0058.0,,0,0,
Sci Fi Drone,drown martian feedback tone ,DSGNErie_Drown Martian Feedback Tone_SCI02-172,DrownMartianFeedbackTone.wav | Space Drones & Electronic Tones;Sci Fi Ambiences,Sci-Fi- II Sound Effects,0015.0,,0,0,
Sci Fi Drone,drown alien bagpipe tone ,MUSCStngr_Drown Alien Bagpipe Tone_SCI02-168,DrownAlienBagpipeTone.wav | Space Drones & Electronic Tones;Sci Fi Ambiences;Evil & Supernatural Voices;Sci Fi & Computer Voices,Sci-Fi- II Sound Effects,0025.0,,0,0,
Sci Fi Drone,drown alien breath pink noise p,DSGNEthr_Drown Alien Breath Pink Noise Pumping_SCI02-169,DrownAlienBreathPinkNoisePumping.wav | Space Drones & Electronic Tones;Sci Fi Ambiences;Evil & Supernatural Voices;Sci Fi & Computer Voices,Sci-Fi- II Sound Effects,0126.0,,0,0,
Sci Fi Drone,tone static rumble drone ,DSGNDron_Tone Static Rumble Drone_SCI02-899,ToneStaticRumbleDrone.wav | Space Drones & Electronic Tones;Static,Sci-Fi- II Sound Effects,0015.0,,0,0,
Sci Fi Drone,tone heavenly drone cue ,DSGNDron_Tone Heavenly Drone Cue_SCI02-792,ToneHeavenlyDroneCue.wav | Space Drones & Electronic Tones,Sci-Fi- II Sound Effects,0040.0,,0,0,
Sci Fi Electronic,tone high pitched white noise,UIBeep_Tone High Pitched White Noise_SCI02-793,ToneHighPitchedWhiteNoise.wav | Space Drones & Electronic Tones,Sci-Fi- II Sound Effects,0014.0,,0,0,
Sci Fi Electronic,tone energy stab various,UIData_Tone Energy Stab Various_SCI02-782,ToneEnergyStabVarious.wav | Space Drones & Electronic Tones,Sci-Fi- II Sound Effects,0009.0,,0,0,
Sci Fi Electronic,tone electronic garbage truck,DSGNGran_Tone Electronic Garbage Truck_SCI02-778,ToneElectronicGarbageTruck.wav | Space Drones & Electronic Tones;Transport & Mack Trucks,Sci-Fi- II Sound Effects,0104.0,,0,0,
Sci Fi Electronic,tone electronic water fragments,UIData_Tone Electronic Water Fragments_SCI02-779,ToneElectronicWaterFragments.wav | Space Drones & Electronic Tones;Miscellaneous Water,Sci-Fi- II Sound Effects,0008.0,,0,0,
Sci Fi Electronic,tone muffled skipping,COMStatic_Tone Muffled Skipping_SCI02-822,ToneMuffledSkipping.wav | Space Drones & Electronic Tones,Sci-Fi- II Sound Effects,0003.0,,0,0,
Sci Fi Electronic,tone muffled square,UIAlert_Tone Muffled Square_SCI02-823,ToneMuffledSquare.wav | Space Drones & Electronic Tones,Sci-Fi- II Sound Effects,0007.0,,0,0,
Sci Fi Electronic,tone muffled square shots,UIAlert_Tone Muffled Square Shots_SCI02-824,ToneMuffledSquareShots.wav | Space Drones & Electronic Tones,Sci-Fi- II Sound Effects,0005.0,,0,0,
Sci Fi Electronic,tone noise whispy,AIRBrst_Tone Noise Whispy_SCI02-825,ToneNoiseWhispy.wav | Space Drones & Electronic Tones,Sci-Fi- II Sound Effects,0005.0,,0,0,
Sci Fi Electronic,tone open close filter,UIData_Tone Open Close Filter_SCI02-826,ToneOpenCloseFilter.wav | Space Drones & Electronic Tones,Sci-Fi- II Sound Effects,0020.0,,0,0,
Sci Fi Electronic,tone modulated accel ascend ,SCIMach_Tone Modulated Accel Ascend_SCI02-817,ToneModulatedAccelAscend.wav | Space Drones & Electronic Tones,Sci-Fi- II Sound Effects,0009.0,,0,0,
Sci Fi Electronic,tone modulated high ,SCIEnrg_Tone Modulated High_SCI02-818,ToneModulatedHigh.wav | Space Drones & Electronic Tones,Sci-Fi- II Sound Effects,0005.0,,0,0,
Sci Fi Electronic,tone modulated high vary ,SCIEnrg_Tone Modulated High Vary_SCI02-819,ToneModulatedHighVary.wav | Space Drones & Electronic Tones,Sci-Fi- II Sound Effects,0009.0,,0,0,
Sci Fi Electronic,tone modulated vary pitch ,DSGNDron_Tone Modulated Vary Pitch_SCI02-820,ToneModulatedVaryPitch.wav | Space Drones & Electronic Tones,Sci-Fi- II Sound Effects,0131.0,,0,0,
Sci Fi Electronic,tone oscillator descend pure no,DSGNTonl_Tone Oscillator Descend Pure Noise_SCI02-828,ToneOscillatorDescendPureNoise.wav | Space Drones & Electronic Tones,Sci-Fi- II Sound Effects,0011.0,,0,0,
Sci Fi Electronic,tone oscillator pure low ,SCIMach_Tone Oscillator Pure Low_SCI02-829,ToneOscillatorPureLow.wav | Space Drones & Electronic Tones,Sci-Fi- II Sound Effects,0050.0,,0,0,
Sci Fi Electronic,tone oscillator pure ring high ,SCIMach_Tone Oscillator Pure Ring High_SCI02-830,ToneOscillatorPureRingHigh.wav | Space Drones & Electronic Tones,Sci-Fi- II Sound Effects,0007.0,,0,0,
Sci Fi Electronic,tone oscillator rasp ,SCIMach_Tone Oscillator Rasp_SCI02-831,ToneOscillatorRasp.wav | Space Drones & Electronic Tones,Sci-Fi- II Sound Effects,0009.0,,0,0,
Sci Fi Electronic,tone oscillator tortured ,SCIMach_Tone Oscillator Tortured_SCI02-832,ToneOscillatorTortured.wav | Space Drones & Electronic Tones,Sci-Fi- II Sound Effects,0056.0,,0,0,
Sci Fi Electronic,tone pulsating warp wooble a ,DSGNRythm_Tone Pulsating Warp Wooble_SCI02-850,TonePulsatingWarpWoobleA.wav | Space Drones & Electronic Tones,Sci-Fi- II Sound Effects,0017.0,,0,0,
Sci Fi Electronic,tone pulsating warp wooble b ,DSGNRythm_Tone Pulsating Warp Wooble_SCI02-851,TonePulsatingWarpWoobleB.wav | Space Drones & Electronic Tones,Sci-Fi- II Sound Effects,0043.0,,0,0,
Sci Fi Electronic,tone pulse random,DSGNRythm_Tone Pulse Random_SCI02-852,TonePulseRandom.wav | Space Drones & Electronic Tones,Sci-Fi- II Sound Effects,0040.0,,0,0,
Sci Fi Electronic,tone constant wooble high ,SCIMach_Tone Constant Wooble High_SCI02-763,ToneConstantWoobleHigh.wav | Space Drones & Electronic Tones,Sci-Fi- II Sound Effects,0036.0,,0,0,
Sci Fi Electronic,tone clicking sputter ,SCIMach_Tone Clicking Sputter_SCI02-761,ToneClickingSputter.wav | Space Buttons Switches & Panels;Computer Starts Runs & Shut Downs;Space Drones & Electronic Tones,Sci-Fi- II Sound Effects,0043.0,,0,0,
Sci Fi Electronic,tone bird electro,ALRMElec_Tone Bird Electro_SCI02-740,ToneBirdElectro.wav | Bird-like Creatures,Sci-Fi- II Sound Effects,0010.0,,0,0,
Sci Fi Electronic,tone blip high pitched,UIBeep_Tone Blip High Pitched_SCI02-741,ToneBlipHighPitched.wav | Beeps;Space Beeps Prompts & Sonar Pings;Space Drones & Electronic Tones,Sci-Fi- II Sound Effects,0001.0,,0,0,
Sci Fi Electronic,tone blips monitor,BEEPMed_Tone Blips Monitor_SCI02-742,ToneBlipsMonitor.wav | Beeps;Space Beeps Prompts & Sonar Pings;Space Drones & Electronic Tones,Sci-Fi- II Sound Effects,0025.0,,0,0,
Sci Fi Electronic,tone blip stutter,UIData_Tone Blip Stutter_SCI02-743,ToneBlipStutter.wav | Beeps;Space Beeps Prompts & Sonar Pings;Space Drones & Electronic Tones,Sci-Fi- II Sound Effects,0011.0,,0,0,
Sci Fi Electronic,tone boing hit bounce ,TOONBoing_Tone Boing Hit Bounce_SCI02-744,ToneBoingHitBounce.wav | Beeps;Space Beeps Prompts & Sonar Pings;Space Drones & Electronic Tones,Sci-Fi- II Sound Effects,0004.0,,0,0,
Sci Fi Electronic,tone bong feedback a ,DSGNStngr_Tone Bong Feedback_SCI02-745,ToneBongFeedbackA.wav | Beeps;Space Beeps Prompts & Sonar Pings;Space Drones & Electronic Tones,Sci-Fi- II Sound Effects,0024.0,,0,0,
Sci Fi Electronic,tone bong feedback b ,DSGNStngr_Tone Bong Feedback_SCI02-746,ToneBongFeedbackB.wav | Beeps;Space Beeps Prompts & Sonar Pings;Space Drones & Electronic Tones,Sci-Fi- II Sound Effects,0012.0,,0,0,
Sci Fi Electronic,tone bong feedback c ,DSGNStngr_Tone Bong Feedback_SCI02-747,ToneBongFeedbackC.wav | Beeps;Space Beeps Prompts & Sonar Pings;Space Drones & Electronic Tones,Sci-Fi- II Sound Effects,0014.0,,0,0,
Sci Fi Electronic,tone bong feedback d ,DSGNStngr_Tone Bong Feedback_SCI02-748,ToneBongFeedbackD.wav | Beeps;Space Beeps Prompts & Sonar Pings;Space Drones & Electronic Tones,Sci-Fi- II Sound Effects,0023.0,,0,0,
Sci Fi Electronic,tone bong squeel rasp ,DSGNStngr_Tone Bong Squeel Rasp_SCI02-749,ToneBongSqueelRasp.wav | Beeps;Space Beeps Prompts & Sonar Pings;Space Drones & Electronic Tones,Sci-Fi- II Sound Effects,0011.0,,0,0,
Sci Fi Electronic,tone breathy hum a ,DSGNGran_Tone Breathy Hum_SCI02-750,ToneBreathyHumA.wav | Beeps;Space Beeps Prompts & Sonar Pings;Space Drones & Electronic Tones,Sci-Fi- II Sound Effects,0008.0,,0,0,
Sci Fi Electronic,tone breathy hum b ,DSGNGran_Tone Breathy Hum_SCI02-751,ToneBreathyHumB.wav | Beeps;Space Beeps Prompts & Sonar Pings;Space Drones & Electronic Tones,Sci-Fi- II Sound Effects,0010.0,,0,0,
Sci Fi Electronic,tone trigger zap,SCIAlrm_Tone Trigger Zap_SCI02-922,ToneTriggerZap.wav | Space Drones & Electronic Tones;Space Lasers Rays & Photons,Sci-Fi- II Sound Effects,0013.0,,0,0,
Sci Fi Electronic,tone triple blips,UIBeep_Tone Triple Blips_SCI02-923,ToneTripleBlips.wav | Space Drones & Electronic Tones;Space Telemetry,Sci-Fi- II Sound Effects,0006.0,,0,0,
Sci Fi Electronic,tone zip blip beep a ,UIBeep_Tone Zip Blip Beep_SCI02-943,ToneZipBlipBeepA.wav | Space Drones & Electronic Tones;Beeps;Space Beeps Prompts & Sonar Pings,Sci-Fi- II Sound Effects,0004.0,,0,0,
Sci Fi Electronic,tone zip blip beep b ,UIBeep_Tone Zip Blip Beep_SCI02-944,ToneZipBlipBeepB.wav | Space Drones & Electronic Tones;Beeps;Space Beeps Prompts & Sonar Pings,Sci-Fi- II Sound Effects,0005.0,,0,0,
Sci Fi Electronic,tone synth low wooble ,SCIEnrg_Tone Synth Low Wooble_SCI02-902,ToneSynthLowWooble.wav | Space Drones & Electronic Tones,Sci-Fi- II Sound Effects,0022.0,,0,0,
Sci Fi Electronic,tone synth random,SCIAlrm_Tone Synth Random_SCI02-903,ToneSynthRandom.wav | Space Drones & Electronic Tones,Sci-Fi- II Sound Effects,0011.0,,0,0,
Sci Fi Electronic,tone synth swallow various,UIData_Tone Synth Swallow Various_SCI02-904,ToneSynthSwallowVarious.wav | Space Drones & Electronic Tones,Sci-Fi- II Sound Effects,0027.0,,0,0,
Sci Fi Electronic,tone synth wobble process hits,UIData_Tone Synth Wobble Process Hits_SCI02-905,ToneSynthWobbleProcessHits.wav | Space Drones & Electronic Tones,Sci-Fi- II Sound Effects,0017.0,,0,0,
Sci Fi Electronic,tone synth wobble process sustain,SCICmpt_Tone Synth Wobble Process Sustain_SCI02-906,ToneSynthWobbleProcessSustain.wav | Space Drones & Electronic Tones,Sci-Fi- II Sound Effects,0031.0,,0,0,
Sci Fi Electronic,tone space gargle,SCIMach_Tone Space Gargle_SCI02-889,ToneSpaceGargle.wav | Space Drones & Electronic Tones,Sci-Fi- II Sound Effects,0014.0,,0,0,
Sci Fi Electronic,tone rising synth wooble ,SCIEnrg_Tone Rising Synth Wooble_SCI02-878,ToneRisingSynthWooble.wav | Space Drones & Electronic Tones,Sci-Fi- II Sound Effects,0019.0,,0,0,
Sci Fi Electronic,tone rubberband fragments,SCIMach_Tone Rubberband Fragments_SCI02-879,ToneRubberbandFragments.wav | Space Drones & Electronic Tones,Sci-Fi- II Sound Effects,0029.0,,0,0,
Sci Fi Electronic,tone warble,UIData_Tone Warble LFO_SCI02-929,ToneWarbleLFO.wav | Space Drones & Electronic Tones,Sci-Fi- II Sound Effects,0013.0,,0,0,
Sci Fi Electronic,tone wave warp pitch ,SCIEnrg_Tone Wave Warp Pitch_SCI02-930,ToneWaveWarpPitch.wav | Space Drones & Electronic Tones,Sci-Fi- II Sound Effects,0010.0,,0,0,
Sci Fi Electronic,tone wobble,TOONWarb_Tone Wobble_SCI02-931,ToneWobble.wav | Space Drones & Electronic Tones,Sci-Fi- II Sound Effects,0008.0,,0,0,
Sci Fi Electronic,tone wobble pulse ,DSGNRythm_Tone Wobble Pulse_SCI02-932,ToneWobblePulse.wav | Space Drones & Electronic Tones,Sci-Fi- II Sound Effects,0003.0,,0,0,
Sci Fi Electronic,tone wobble synth short ,DSGNGran_Tone Wobble Synth Short_SCI02-933,ToneWobbleSynthShort.wav | Space Drones & Electronic Tones,Sci-Fi- II Sound Effects,0003.0,,0,0,
Sci Fi Electronic,tone wooble decend a ,UIData_Tone Wooble Decend_SCI02-934,ToneWoobleDecendA.wav | Space Drones & Electronic Tones;Space Landings & Take Offs,Sci-Fi- II Sound Effects,0004.0,,0,0,
Sci Fi Electronic,tone wooble decend b ,UIData_Tone Wooble Decend_SCI02-935,ToneWoobleDecendB.wav | Space Drones & Electronic Tones;Space Landings & Take Offs,Sci-Fi- II Sound Effects,0007.0,,0,0,
Sci Fi Electronic,tone wooble decend high ,UIData_Tone Wooble Decend High_SCI02-936,ToneWoobleDecendHigh.wav | Space Drones & Electronic Tones;Space Landings & Take Offs,Sci-Fi- II Sound Effects,0004.0,,0,0,
Sci Fi Electronic,tone wooble decend wiggle ,UIData_Tone Wooble Decend Wiggle_SCI02-937,ToneWoobleDecendWiggle.wav | Space Drones & Electronic Tones;Space Landings & Take Offs,Sci-Fi- II Sound Effects,0010.0,,0,0,
Sci Fi Electronic,tone wooble whine ,UIData_Tone Wooble Whine_SCI02-938,ToneWoobleWhine.wav | Space Drones & Electronic Tones,Sci-Fi- II Sound Effects,0003.0,,0,0,
Sci Fi Electronic,tone wooble whirl boomerang ,UIData_Tone Wooble Whirl Boomerang_SCI02-939,ToneWoobleWhirlBoomerang.wav | Space Drones & Electronic Tones,Sci-Fi- II Sound Effects,0004.0,,0,0,
Sci Fi Electronic,tone ring bird loop,SCIAlrm_Tone Ring Bird Loop_SCI02-872,ToneRingBirdLoop.wav | Space Drones & Electronic Tones;Bird-like Creatures,Sci-Fi- II Sound Effects,0008.0,,0,0,
Sci Fi Electronic,tone pulse sustain,DSGNRythm_Tone Pulse Sustain_SCI02-855,TonePulseSustainA.wav | Space Drones & Electronic Tones,Sci-Fi- II Sound Effects,0005.0,,0,0,
Sci Fi Electronic,tone pulse sustain,DSGNRythm_Tone Pulse Sustain_SCI02-856,TonePulseSustainB.wav | Space Drones & Electronic Tones,Sci-Fi- II Sound Effects,0008.0,,0,0,
Sci Fi Electronic,tone pulse sustain,DSGNRythm_Tone Pulse Sustain_SCI02-857,TonePulseSustainC.wav | Space Drones & Electronic Tones,Sci-Fi- II Sound Effects,0009.0,,0,0,
Sci Fi Electronic,tone pulse sustain,DSGNRythm_Tone Pulse Sustain_SCI02-858,TonePulseSustainD.wav | Space Drones & Electronic Tones,Sci-Fi- II Sound Effects,0004.0,,0,0,
Sci Fi Electronic,tone pulse sustain,LASRGun_Tone Pulse Sustain_SCI02-859,TonePulseSustainE.wav | Space Drones & Electronic Tones,Sci-Fi- II Sound Effects,0005.0,,0,0,
Sci Fi Electronic,tone sputter pulse ,DSGNRythm_Tone Sputter Pulse_SCI02-891,ToneSputterPulse.wav | Space Drones & Electronic Tones,Sci-Fi- II Sound Effects,0005.0,,0,0,
Sci Fi Electronic,tone sputter rasp a ,SCIEnrg_Tone Sputter Rasp_SCI02-892,ToneSputterRaspA.wav | Space Drones & Electronic Tones,Sci-Fi- II Sound Effects,0005.0,,0,0,
Sci Fi Electronic,tone sputter rasp b ,SCIEnrg_Tone Sputter Rasp_SCI02-893,ToneSputterRaspB.wav | Space Drones & Electronic Tones,Sci-Fi- II Sound Effects,0004.0,,0,0,
Sci Fi Electronic,tone sputter wobble pulse a ,DSGNRythm_Tone Sputter Wobble Pulse_SCI02-894,ToneSputterWobblePulseA.wav | Space Drones & Electronic Tones,Sci-Fi- II Sound Effects,0004.0,,0,0,
Sci Fi Electronic,tone sputter wobble pulse ,DSGNRythm_Tone Sputter Wobble Pulse_SCI02-895,ToneSputterWobblePulseB.wav | Space Drones & Electronic Tones,Sci-Fi- II Sound Effects,0005.0,,0,0,
Sci Fi Electronic,tone sqeulch,UIBeep_Tone Sqeulch_SCI02-896,ToneSqeulch.wav | Space Drones & Electronic Tones,Sci-Fi- II Sound Effects,0002.0,,0,0,
Sci Fi Electronic,tone short wave ,COMStatic_Tone Short Wave_SCI02-885,ToneShortWave.wav | Space Drones & Electronic Tones,Sci-Fi- II Sound Effects,0004.0,,0,0,
Sci Fi Electronic,tone shortwave ring high consta,DSGNTonl_Tone Shortwave Ring High Constant_SCI02-886,ToneShortwaveRingHighConstant.wav | Space Drones & Electronic Tones,Sci-Fi- II Sound Effects,0011.0,,0,0,
Sci Fi Electronic,tone rise whine synth varied a ,DSGNSynth_Tone Rise Whine Synth Varied_SCI02-874,ToneRiseWhineSynthVariedA.wav | Space Drones & Electronic Tones,Sci-Fi- II Sound Effects,0012.0,,0,0,
Sci Fi Electronic,tone rise whine synth varied b ,DSGNSynth_Tone Rise Whine Synth Varied_SCI02-875,ToneRiseWhineSynthVariedB.wav | Space Drones & Electronic Tones,Sci-Fi- II Sound Effects,0012.0,,0,0,
Sci Fi Electronic,tone rise whine synth varied c ,DSGNSynth_Tone Rise Whine Synth Varied_SCI02-876,ToneRiseWhineSynthVariedC.wav | Space Drones & Electronic Tones,Sci-Fi- II Sound Effects,0010.0,,0,0,
Sci Fi Electronic,low synth rise,DSGNRise_Low Synth Rise_SCI02-543,LowSynthRise.wav | Space Landings & Take Offs;Space Drones & Electronic Tones,Sci-Fi- II Sound Effects,0030.0,,0,0,
Sci Fi Force Field,tone energy sustain,SCIEnrg_Tone Energy Sustain_SCI02-783,ToneEnergySustain.wav | Space Drones & Electronic Tones;Space Forcefields & Tractor Beams,Sci-Fi- II Sound Effects,0054.0,,0,0,
Sci Fi Machine,tone low rasp phasey drown a ,DSGNDron_Tone Low Rasp Phasey Drown_SCI02-810,ToneLowRaspPhaseyDrownA.wav | Space Drones & Electronic Tones;Engines Motors & Machines,Sci-Fi- II Sound Effects,0027.0,,0,0,
Sci Fi Machine,tone low rasp phasey drown b ,DSGNDron_Tone Low Rasp Phasey Drown_SCI02-811,ToneLowRaspPhaseyDrownB.wav | Space Drones & Electronic Tones;Engines Motors & Machines,Sci-Fi- II Sound Effects,0013.0,,0,0,
Sci Fi Machine,tone low rasp phasey drown c ,DSGNDron_Tone Low Rasp Phasey Drown_SCI02-812,ToneLowRaspPhaseyDrownC.wav | Space Drones & Electronic Tones;Engines Motors & Machines,Sci-Fi- II Sound Effects,0023.0,,0,0,
Sci Fi Machine,tone low rasp phasey drown d ,DSGNDron_Tone Low Rasp Phasey Drown_SCI02-813,ToneLowRaspPhaseyDrownD.wav | Space Drones & Electronic Tones;Engines Motors & Machines,Sci-Fi- II Sound Effects,0011.0,,0,0,
Sci Fi Machine,tone low rasp phasey drown e ,DSGNDron_Tone Low Rasp Phasey Drown_SCI02-814,ToneLowRaspPhaseyDrownE.wav | Space Drones & Electronic Tones;Engines Motors & Machines,Sci-Fi- II Sound Effects,0022.0,,0,0,
Sci Fi Machine,tone low rasp phasey drown f ,DSGNDron_Tone Low Rasp Phasey Drown_SCI02-815,ToneLowRaspPhaseyDrownF.wav | Space Drones & Electronic Tones;Engines Motors & Machines,Sci-Fi- II Sound Effects,0012.0,,0,0,
Sci Fi Machine,tone low rasp phasey drown g ,DSGNDron_Tone Low Rasp Phasey Drown_SCI02-816,ToneLowRaspPhaseyDrownG.wav | Space Drones & Electronic Tones;Engines Motors & Machines,Sci-Fi- II Sound Effects,0011.0,,0,0,
Sci Fi Motor,tone cycle motor light tron ,SCIMach_Tone Cycle Motor Light_SCI02-764,ToneCycleMotorLight.wav | Space Drones & Electronic Tones;Engines Motors & Machines,Sci-Fi- II Sound Effects,0024.0,,0,0,
Sci Fi Power Down,tone electro spin down,SCIEnrg_Tone Electro Spin Down_SCI02-780,ToneElectroSpinDownA.wav | Space Drones & Electronic Tones;Space Landings & Take Offs,Sci-Fi- II Sound Effects,0040.0,,0,0,
Sci Fi Power Down,tone electro spin down,SCIEnrg_Tone Electro Spin Down_SCI02-781,ToneElectroSpinDownB.wav | Space Drones & Electronic Tones;Space Landings & Take Offs,Sci-Fi- II Sound Effects,0047.0,,0,0,
Sci Fi Power Up,synthetic startup swell,SCIMach_Synthetic Startup Swell_SCI02-651,SyntheticStartupSwellA.wav | Space Landings & Take Offs;Space Drones & Electronic Tones,Sci-Fi- II Sound Effects,0016.0,,0,0,
Sci Fi Power Up,synthetic startup swell,SCIMach_Synthetic Startup Swell_SCI02-652,SyntheticStartupSwellB.wav | Space Landings & Take Offs;Space Drones & Electronic Tones,Sci-Fi- II Sound Effects,0034.0,,0,0,
Sci Fi Power Up,synthetic startup swell,SCIMach_Synthetic Startup Swell_SCI02-653,SyntheticStartupSwellC.wav | Space Landings & Take Offs;Space Drones & Electronic Tones,Sci-Fi- II Sound Effects,0048.0,,0,0,
Sci Fi Power Up,synthetic startup swell,SCIMach_Synthetic Startup Swell_SCI02-654,SyntheticStartupSwellD.wav | Space Landings & Take Offs;Space Drones & Electronic Tones,Sci-Fi- II Sound Effects,0030.0,,0,0,
Sci Fi Power Up,synthetic startup swell,SCIMach_Synthetic Startup Swell_SCI02-655,SyntheticStartupSwellE.wav | Space Landings & Take Offs;Space Drones & Electronic Tones,Sci-Fi- II Sound Effects,0029.0,,0,0,
Sci Fi Power Up,synthetic startup swell,SCIMach_Synthetic Startup Swell_SCI02-656,SyntheticStartupSwellF.wav | Space Landings & Take Offs;Space Drones & Electronic Tones,Sci-Fi- II Sound Effects,0025.0,,0,0,
Sci Fi Power Up,synthetic startup swell,SCIMach_Synthetic Startup Swell_SCI02-657,SyntheticStartupSwellG.wav | Space Landings & Take Offs;Space Drones & Electronic Tones,Sci-Fi- II Sound Effects,0027.0,,0,0,
Sci Fi Power Up,synthetic startup swell,SCIMach_Synthetic Startup Swell_SCI02-658,SyntheticStartupSwellH.wav | Space Landings & Take Offs;Space Drones & Electronic Tones,Sci-Fi- II Sound Effects,0034.0,,0,0,
Sci Fi Power Up,synthetic startup swell,SCIMach_Synthetic Startup Swell_SCI02-659,SyntheticStartupSwellI.wav | Space Landings & Take Offs;Space Drones & Electronic Tones,Sci-Fi- II Sound Effects,0021.0,,0,0,
Sci Fi Spaceship,backward step,DSGNRise_UFOBackward Step_SCI02-974,UFOBackwardStep.wav | Spacecraft Interiors Engines & Rumbles;Sci Fi Ambiences,Sci-Fi- II Sound Effects,0038.0,,0,0,
Sci Fi Spaceship,ventalation spaceship,SCIMach_Ventalation Spaceship_SCI02-975,VentalationSpaceship.wav | Spacecraft Interiors Engines & Rumbles;Sci Fi Ambiences,Sci-Fi- II Sound Effects,0055.0,,0,0,
Sci Fi Voice,voice cut up future,DSGNVocl_Voice Cut Up Future_SCI02-976,VoiceCutUpFuture.wav | Sci Fi & Computer Voices,Sci-Fi- II Sound Effects,0013.0,,0,0,
Sci Fi Voice,tone voice zap hit w,LASRGun_Tone Voice Zap Hit 7 BA_SCI02-928,ToneVoiceZapHit.wav  | Space Drones & Electronic Tones;Sci Fi & Computer Voices,Sci-Fi- II Sound Effects,0003.0,,0,0,
Sci Fi Weapon,tone zap laser shot,LASRGun_Tone Zap Laser Shot_SCI02-940,ToneZapLaserShot.wav | Space Drones & Electronic Tones;Space Lasers Rays & Photons,Sci-Fi- II Sound Effects,0000.0,,0,0,
Sci Fi Weapon,tone zap lazer sustain various,LASRGun_Tone Zap Lazer Sustain Various_SCI02-941,ToneZapLazerSustainVarious.wav | Space Drones & Electronic Tones;Space Lasers Rays & Photons,Sci-Fi- II Sound Effects,0009.0,,0,0,
Sci Fi Weapon,tone zaps laser various,LASRGun_Tone Zaps Laser Various_SCI02-942,ToneZapsLaserVarious.wav | Space Drones & Electronic Tones;Space Lasers Rays & Photons,Sci-Fi- II Sound Effects,0044.0,,0,0,
Sci Fi Weapon,tone laser modulated,LASRMisc_Tone Laser Modulated_SCI02-801,ToneLaserModulatedA.wav | Space Lasers Rays & Photons,Sci-Fi- II Sound Effects,0022.0,,0,0,
Sci Fi Weapon,tone laser modulated,LASRMisc_Tone Laser Modulated_SCI02-802,ToneLaserModulatedB.wav | Space Lasers Rays & Photons,Sci-Fi- II Sound Effects,0014.0,,0,0,
Sci Fi Weapon,tone laser modulated,LASRMisc_Tone Laser Modulated_SCI02-803,ToneLaserModulatedC.wav | Space Lasers Rays & Photons,Sci-Fi- II Sound Effects,0018.0,,0,0,
Sci Fi Weapon,tone laser slow rise abrupt stop,LASRGun_Tone Laser Slow Rise Abrupt Stop_SCI02-804,ToneLaserSlowRiseAbruptStop.wav | Space Lasers Rays & Photons,Sci-Fi- II Sound Effects,0049.0,,0,0,
Sci Fi Weapon,tone laser sputter sustain loop,LASRMisc_Tone Laser Sputter Sustain Loop_SCI02-805,ToneLaserSputterSustainLoop.wav | Space Lasers Rays & Photons,Sci-Fi- II Sound Effects,0005.0,,0,0,
Sci Fi Weapon,tone lazer white noise arcade,GAMEArcd_Tone Lazer White Noise Arcade_SCI02-806,ToneLazerWhiteNoiseArcadeA.wav | Space Lasers Rays & Photons,Sci-Fi- II Sound Effects,0028.0,,0,0,
Sci Fi Weapon,tone lazer white noise arcade,GAMEArcd_Tone Lazer White Noise Arcade_SCI02-807,ToneLazerWhiteNoiseArcadeB.wav | Space Lasers Rays & Photons,Sci-Fi- II Sound Effects,0017.0,,0,0,
Sci Fi Weapon,tone lazer white noise arcade,GAMEArcd_Tone Lazer White Noise Arcade_SCI02-808,ToneLazerWhiteNoiseArcadeC.wav | Space Lasers Rays & Photons,Sci-Fi- II Sound Effects,0041.0,,0,0,
Sci Fi Weapon,tone lazer white noise arcade,GAMEArcd_Tone Lazer White Noise Arcade_SCI02-809,ToneLazerWhiteNoiseArcadeD.wav | Space Lasers Rays & Photons,Sci-Fi- II Sound Effects,0030.0,,0,0,
Sci Fi Weapon,tone bass laser strike resonance,LASRGun_Tone Bass Laser Strike Resonance_SCI02-674,ToneBassLaserStrikeResonance.wav | Space Lasers Rays & Photons,Sci-Fi- II Sound Effects,0010.0,,0,0,
Sci Fi Weapon,lasers pop tight zippy,LASRBeam_Lasers Pop Tight Zippy_SCI02-463,LasersPopTightZippy.wav | Space Lasers Rays & Photons;Battle Ambiences;Sci Fi Ambiences,Sci-Fi- II Sound Effects,0024.0,,0,0,
Sci Fi Weapon,laser squeel a ,LASRMisc_Laser Squeal_SCI02-464,LaserSquealA.wav | Space Lasers Rays & Photons,Sci-Fi- II Sound Effects,0004.0,,0,0,
Sci Fi Weapon,laser squeel b ,LASRGun_Laser Squeal_SCI02-465,LaserSquealB.wav | Space Lasers Rays & Photons,Sci-Fi- II Sound Effects,0001.0,,0,0,
Sci Fi Weapon,laser tonal reverb a ,LASRGun_Laser Tonal Reverb_SCI02-466,LaserTonalReverbA.wav | Space Lasers Rays & Photons,Sci-Fi- II Sound Effects,0004.0,,0,0,
Sci Fi Weapon,laser tonal reverb b ,LASRGun_Laser Tonal Reverb_SCI02-467,LaserTonalReverbB.wav | Space Lasers Rays & Photons,Sci-Fi- II Sound Effects,0003.0,,0,0,
Sci Fi Weapon,laser tone rico zap a ,LASRGun_Laser Tone Rico Zap_SCI02-468,LaserToneRicoZapA.wav | Space Lasers Rays & Photons,Sci-Fi- II Sound Effects,0003.0,,0,0,
Sci Fi Weapon,laser tone rico zap b ,LASRGun_Laser Tone Rico Zap_SCI02-469,LaserToneRicoZapB.wav | Space Lasers Rays & Photons,Sci-Fi- II Sound Effects,0003.0,,0,0,
Sci Fi Weapon,laser tone rico zap c ,LASRGun_Laser Tone Rico Zap_SCI02-470,LaserToneRicoZapC.wav | Space Lasers Rays & Photons,Sci-Fi- II Sound Effects,0003.0,,0,0,
Sci Fi Weapon,laser tone rico zap d ,LASRGun_Laser Tone Rico Zap_SCI02-471,LaserToneRicoZapD.wav | Space Lasers Rays & Photons,Sci-Fi- II Sound Effects,0004.0,,0,0,
Sci Fi Weapon,laser tone rico zap e ,LASRGun_Laser Tone Rico Zap_SCI02-472,LaserToneRicoZapE.wav | Space Lasers Rays & Photons,Sci-Fi- II Sound Effects,0004.0,,0,0,
Sci Fi Weapon,laser tone rico zap f ,LASRGun_Laser Tone Rico Zap_SCI02-473,LaserToneRicoZapF.wav | Space Lasers Rays & Photons,Sci-Fi- II Sound Effects,0003.0,,0,0,
Sci Fi Weapon,laser tone rico zap g ,LASRGun_Laser Tone Rico Zap_SCI02-474,LaserToneRicoZapG.wav | Space Lasers Rays & Photons,Sci-Fi- II Sound Effects,0003.0,,0,0,
Sci Fi Weapon,laser tone rico zap h ,LASRGun_Laser Tone Rico Zap_SCI02-475,LaserToneRicoZapH.wav | Space Lasers Rays & Photons,Sci-Fi- II Sound Effects,0004.0,,0,0,
Sci Fi Weapon,laser tone rico zap i ,LASRGun_Laser Tone Rico Zap_SCI02-476,LaserToneRicoZapI.wav | Space Lasers Rays & Photons,Sci-Fi- II Sound Effects,0004.0,,0,0,
Sci Fi Weapon,laser tone rico zap j ,LASRGun_Laser Tone Rico Zap_SCI02-477,LaserToneRicoZapJ.wav | Space Lasers Rays & Photons,Sci-Fi- II Sound Effects,0003.0,,0,0,
Sci Fi Weapon,laser tweet ,LASRGun_Laser Tweet_SCI02-478,LaserTweet.wav | Space Lasers Rays & Photons,Sci-Fi- II Sound Effects,0000.0,,0,0,
Sci Fi Weapon,laser tweet sputter zap a ,LASRGun_Laser Tweet Sputter Zap_SCI02-479,LaserTweetSputterZapA.wav | Space Lasers Rays & Photons,Sci-Fi- II Sound Effects,0003.0,,0,0,
Sci Fi Weapon,laser tweet sputter zap b ,LASRGun_Laser Tweet Sputter Zap_SCI02-480,LaserTweetSputterZapB.wav | Space Lasers Rays & Photons,Sci-Fi- II Sound Effects,0004.0,,0,0,
Sci Fi Weapon,laser wash ,LASRGun_Laser Wash_SCI02-481,LaserWash.wav | Space Lasers Rays & Photons,Sci-Fi- II Sound Effects,0000.0,,0,0,
Sci Fi Weapon,laser wash high ,LASRGun_Laser Wash High_SCI02-482,LaserWashHigh.wav | Space Lasers Rays & Photons,Sci-Fi- II Sound Effects,0001.0,,0,0,
Sci Fi Weapon,laser whoosh lite ,LASRMisc_Laser Whoosh Lite_SCI02-483,LaserWhooshLite.wav | Space Lasers Rays & Photons;Space Whooshes Swooshes & Warbles,Sci-Fi- II Sound Effects,0004.0,,0,0,
Sci Fi Weapon,laser whoosh med ,LASRMisc_Laser Whoosh Med_SCI02-484,LaserWhooshMed.wav | Space Lasers Rays & Photons;Space Whooshes Swooshes & Warbles,Sci-Fi- II Sound Effects,0004.0,,0,0,
Sci Fi Weapon,laser whoosh tone wave ,LASRMisc_Laser Whoosh Tone Wave_SCI02-485,LaserWhooshToneWave.wav | Space Lasers Rays & Photons;Space Whooshes Swooshes & Warbles,Sci-Fi- II Sound Effects,0010.0,,0,0,
Sci Fi Weapon,laser whoosh wash blast ,LASRMisc_Laser Whoosh Wash Blast_SCI02-486,LaserWhooshWashBlast.wav | Space Lasers Rays & Photons;Space Whooshes Swooshes & Warbles,Sci-Fi- II Sound Effects,0003.0,,0,0,
Sci Fi Weapon,laser whoosh wash fast ,LASRMisc_Laser Whoosh Wash Fast_SCI02-487,LaserWhooshWashFast.wav | Space Lasers Rays & Photons;Space Whooshes Swooshes & Warbles,Sci-Fi- II Sound Effects,0004.0,,0,0,
Sci Fi Weapon,laser whoosh wash medium a ,LASRMisc_Laser Whoosh Wash Medium_SCI02-488,LaserWhooshWashMediumA.wav | Space Lasers Rays & Photons;Space Whooshes Swooshes & Warbles,Sci-Fi- II Sound Effects,0002.0,,0,0,
Sci Fi Weapon,laser whoosh wash medium b ,LASRMisc_Laser Whoosh Wash Medium_SCI02-489,LaserWhooshWashMediumB.wav | Space Lasers Rays & Photons;Space Whooshes Swooshes & Warbles,Sci-Fi- II Sound Effects,0004.0,,0,0,
Sci Fi Weapon,laser whoosh wash photon ,LASRMisc_Laser Whoosh Wash Photon_SCI02-490,LaserWhooshWashPhoton.wav | Space Lasers Rays & Photons;Space Whooshes Swooshes & Warbles,Sci-Fi- II Sound Effects,0002.0,,0,0,
Sci Fi Weapon,laser whoosh wash rapid fire ,LASRMisc_Laser Whoosh Wash Rapid Fire_SCI02-491,LaserWhooshWashRapidFire.wav | Space Lasers Rays & Photons;Space Whooshes Swooshes & Warbles,Sci-Fi- II Sound Effects,0004.0,,0,0,
Sci Fi Weapon,laser whoosh whine electro a ,LASRMisc_Laser Whoosh Whine Electro_SCI02-492,LaserWhooshWhineElectroA.wav | Space Lasers Rays & Photons;Space Whooshes Swooshes & Warbles,Sci-Fi- II Sound Effects,0004.0,,0,0,
Sci Fi Weapon,laser whoosh whine electro b ,LASRMisc_Laser Whoosh Whine Electro_SCI02-493,LaserWhooshWhineElectroB.wav | Space Lasers Rays & Photons;Space Whooshes Swooshes & Warbles,Sci-Fi- II Sound Effects,0002.0,,0,0,
Sci Fi Weapon,laser whoosh whine high zap ,LASRMisc_Laser Whoosh Whine High Zap_SCI02-494,LaserWhooshWhineHighZap.wav | Space Lasers Rays & Photons;Space Whooshes Swooshes & Warbles,Sci-Fi- II Sound Effects,0002.0,,0,0,
Sci Fi Weapon,laser whoosh whine zap ,LASRMisc_Laser Whoosh Whine Zap_SCI02-495,LaserWhooshWhineZap.wav | Space Lasers Rays & Photons;Space Whooshes Swooshes & Warbles,Sci-Fi- II Sound Effects,0003.0,,0,0,
Sci Fi Weapon,laser wooble tone chirp ,LASRGun_Laser Wooble Tone Chirp_SCI02-496,LaserWoobleToneChirp.wav | Space Lasers Rays & Photons,Sci-Fi- II Sound Effects,0001.0,,0,0,
Sci Fi Weapon,laser zap blast shot ,LASRGun_Laser Zap Blast Shot_SCI02-497,LaserZapBlastShot.wav | Space Lasers Rays & Photons,Sci-Fi- II Sound Effects,0003.0,,0,0,
Sci Fi Weapon,laser zap buzz a ,LASRGun_Laser Zap Buzz_SCI02-498,LaserZapBuzzA.wav | Space Lasers Rays & Photons,Sci-Fi- II Sound Effects,0003.0,,0,0,
Sci Fi Weapon,laser zap buzz b ,LASRGun_Laser Zap Buzz_SCI02-499,LaserZapBuzzB.wav | Space Lasers Rays & Photons,Sci-Fi- II Sound Effects,0001.0,,0,0,
Sci Fi Weapon,laser zap buzz c ,LASRGun_Laser Zap Buzz_SCI02-500,LaserZapBuzzC.wav | Space Lasers Rays & Photons,Sci-Fi- II Sound Effects,0003.0,,0,0,
Sci Fi Weapon,laser zap buzz d ,LASRGun_Laser Zap Buzz_SCI02-501,LaserZapBuzzD.wav | Space Lasers Rays & Photons,Sci-Fi- II Sound Effects,0003.0,,0,0,
Sci Fi Weapon,laser zap fire ,LASRGun_Laser Zap Fire_SCI02-502,LaserZapFire.wav | Space Lasers Rays & Photons,Sci-Fi- II Sound Effects,0000.0,,0,0,
Sci Fi Weapon,laser zap fire a ,LASRGun_Laser Zap Fire_SCI02-503,LaserZapFireA.wav | Space Lasers Rays & Photons,Sci-Fi- II Sound Effects,0004.0,,0,0,
Sci Fi Weapon,laser zap fire b ,LASRGun_Laser Zap Fire_SCI02-504,LaserZapFireB.wav | Space Lasers Rays & Photons,Sci-Fi- II Sound Effects,0007.0,,0,0,
Sci Fi Weapon,laser zap fire c ,LASRGun_Laser Zap Fire_SCI02-505,LaserZapFireC.wav | Space Lasers Rays & Photons,Sci-Fi- II Sound Effects,0005.0,,0,0,
Sci Fi Weapon,laser zap fire high ,LASRGun_Laser Zap Fire High_SCI02-506,LaserZapFireHigh.wav | Space Lasers Rays & Photons,Sci-Fi- II Sound Effects,0000.0,,0,0,
Sci Fi Weapon,laser zap fire ring ,LASRGun_Laser Zap Fire Ring_SCI02-507,LaserZapFireRing.wav | Space Lasers Rays & Photons,Sci-Fi- II Sound Effects,0004.0,,0,0,
Sci Fi Weapon,laser zap high rasp a ,LASRGun_Laser Zap High Rasp_SCI02-508,LaserZapHighRaspA.wav | Space Lasers Rays & Photons,Sci-Fi- II Sound Effects,0000.0,,0,0,
Sci Fi Weapon,laser zap high rasp b ,LASRGun_Laser Zap High Rasp_SCI02-509,LaserZapHighRaspB.wav | Space Lasers Rays & Photons,Sci-Fi- II Sound Effects,0001.0,,0,0,
Sci Fi Weapon,laser zap high rasp c ,LASRGun_Laser Zap High Rasp_SCI02-510,LaserZapHighRaspC.wav | Space Lasers Rays & Photons,Sci-Fi- II Sound Effects,0000.0,,0,0,
Sci Fi Weapon,laser zap high rasp d ,LASRGun_Laser Zap High Rasp_SCI02-511,LaserZapHighRaspD.wav | Space Lasers Rays & Photons,Sci-Fi- II Sound Effects,0000.0,,0,0,
Sci Fi Weapon,laser zap oscillation fire a ,LASRGun_Laser Zap Oscillation Fire_SCI02-512,LaserZapOscillationFireA.wav | Space Lasers Rays & Photons,Sci-Fi- II Sound Effects,0004.0,,0,0,
Sci Fi Weapon,laser zap oscillation fire b ,LASRGun_Laser Zap Oscillation Fire_SCI02-513,LaserZapOscillationFireB.wav | Space Lasers Rays & Photons,Sci-Fi- II Sound Effects,0003.0,,0,0,
Sci Fi Weapon,laser zap oscillation fire c ,LASRGun_Laser Zap Oscillation Fire_SCI02-514,LaserZapOscillationFireC.wav | Space Lasers Rays & Photons,Sci-Fi- II Sound Effects,0008.0,,0,0,
Sci Fi Weapon,laser zap oscillation long a ,LASRGun_Laser Zap Oscillation Long_SCI02-515,LaserZapOscillationLongA.wav | Space Lasers Rays & Photons,Sci-Fi- II Sound Effects,0007.0,,0,0,
Sci Fi Weapon,laser zap oscillation long b ,LASRGun_Laser Zap Oscillation Long_SCI02-516,LaserZapOscillationLongB.wav | Space Lasers Rays & Photons,Sci-Fi- II Sound Effects,0006.0,,0,0,
Sci Fi Weapon,laser zap oscillation long c ,LASRGun_Laser Zap Oscillation Long_SCI02-517,LaserZapOscillationLongC.wav | Space Lasers Rays & Photons,Sci-Fi- II Sound Effects,0007.0,,0,0,
Sci Fi Weapon,laser zap rapid fire ,LASRGun_Laser Zap Rapid Fire_SCI02-518,LaserZapRapidFire.wav | Space Lasers Rays & Photons,Sci-Fi- II Sound Effects,0004.0,,0,0,
Sci Fi Weapon,laser zap short fire ,LASRGun_Laser Zap Short Fire_SCI02-519,LaserZapShortFire.wav | Space Lasers Rays & Photons,Sci-Fi- II Sound Effects,0000.0,,0,0,
Sci Fi Weapon,laser zap short flange double ,LASRGun_Laser Zap Short Flange Double_SCI02-520,LaserZapShortFlange Double.wav | Space Lasers Rays & Photons,Sci-Fi- II Sound Effects,0000.0,,0,0,
Sci Fi Weapon,laser zap short flange a ,LASRGun_Laser Zap Short Flange_SCI02-521,LaserZapShortFlangeA.wav | Space Lasers Rays & Photons,Sci-Fi- II Sound Effects,0000.0,,0,0,
Sci Fi Weapon,laser zap short flange b ,LASRGun_Laser Zap Short Flange_SCI02-522,LaserZapShortFlangeB.wav | Space Lasers Rays & Photons,Sci-Fi- II Sound Effects,0000.0,,0,0,
Sci Fi Weapon,laser zap short flange c ,LASRGun_Laser Zap Short Flange_SCI02-523,LaserZapShortFlangeC.wav | Space Lasers Rays & Photons,Sci-Fi- II Sound Effects,0000.0,,0,0,
Sci Fi Weapon,laser zap short flange d ,LASRGun_Laser Zap Short Flange_SCI02-524,LaserZapShortFlangeD.wav | Space Lasers Rays & Photons,Sci-Fi- II Sound Effects,0000.0,,0,0,
Sci Fi Weapon,laser zap short flange e ,LASRGun_Laser Zap Short Flange_SCI02-525,LaserZapShortFlangeE.wav | Space Lasers Rays & Photons,Sci-Fi- II Sound Effects,0001.0,,0,0,
Sci Fi Weapon,laser zap short flange f ,LASRGun_Laser Zap Short Flange_SCI02-526,LaserZapShortFlangeF.wav | Space Lasers Rays & Photons,Sci-Fi- II Sound Effects,0000.0,,0,0,
Sci Fi Weapon,laser zap spit ,LASRGun_Laser Zap Spit_SCI02-527,LaserZapSpit.wav | Space Lasers Rays & Photons,Sci-Fi- II Sound Effects,0003.0,,0,0,
Sci Fi Weapon,laser zap whoosh double ,LASRGun_Laser Zap Whoosh Double_SCI02-528,LaserZapWhooshDouble.wav | Space Lasers Rays & Photons;Space Whooshes Swooshes & Warbles,Sci-Fi- II Sound Effects,0003.0,,0,0,
Sci Fi Weapon,laser zap whoosh med a ,LASRGun_Laser Zap Whoosh Med_SCI02-529,LaserZapWhooshMedA.wav | Space Lasers Rays & Photons;Space Whooshes Swooshes & Warbles,Sci-Fi- II Sound Effects,0003.0,,0,0,
Sci Fi Weapon,laser zap whoosh med b ,LASRGun_Laser Zap Whoosh Med_SCI02-530,LaserZapWhooshMedB.wav | Space Lasers Rays & Photons;Space Whooshes Swooshes & Warbles,Sci-Fi- II Sound Effects,0005.0,,0,0,
Sci Fi Weapon,laser zap whoosh med c ,LASRGun_Laser Zap Whoosh Med_SCI02-531,LaserZapWhooshMedC.wav | Space Lasers Rays & Photons;Space Whooshes Swooshes & Warbles,Sci-Fi- II Sound Effects,0002.0,,0,0,
Sci Fi Weapon,laser zap whoosh ring a ,LASRGun_Laser Zap Whoosh Ring_SCI02-532,LaserZapWhooshRingA.wav | Space Lasers Rays & Photons;Space Whooshes Swooshes & Warbles,Sci-Fi- II Sound Effects,0007.0,,0,0,
Sci Fi Weapon,laser zap whoosh ring b ,LASRGun_Laser Zap Whoosh Ring_SCI02-533,LaserZapWhooshRingB.wav | Space Lasers Rays & Photons;Space Whooshes Swooshes & Warbles,Sci-Fi- II Sound Effects,0003.0,,0,0,
Sci Fi Weapon,laser zap whoosh ring c ,LASRGun_Laser Zap Whoosh Ring_SCI02-534,LaserZapWhooshRingC.wav | Space Lasers Rays & Photons;Space Whooshes Swooshes & Warbles,Sci-Fi- II Sound Effects,0003.0,,0,0,
Sci Fi Weapon,laser zap whoosh ring d ,LASRGun_Laser Zap Whoosh Ring_SCI02-535,LaserZapWhooshRingD.wav | Space Lasers Rays & Photons;Space Whooshes Swooshes & Warbles,Sci-Fi- II Sound Effects,0003.0,,0,0,
Sci Fi Weapon,laser zap whoosh ring e ,LASRGun_Laser Zap Whoosh Ring_SCI02-536,LaserZapWhooshRingE.wav | Space Lasers Rays & Photons;Space Whooshes Swooshes & Warbles,Sci-Fi- II Sound Effects,0007.0,,0,0,
Sci Fi Weapon,laser zap whoosh short a ,LASRGun_Laser Zap Whoosh Short_SCI02-537,LaserZapWhooshShortA.wav | Space Lasers Rays & Photons;Space Whooshes Swooshes & Warbles,Sci-Fi- II Sound Effects,0003.0,,0,0,
Sci Fi Weapon,laser zap whoosh short b ,LASRGun_Laser Zap Whoosh Short_SCI02-538,LaserZapWhooshShortB.wav | Space Lasers Rays & Photons;Space Whooshes Swooshes & Warbles,Sci-Fi- II Sound Effects,0001.0,,0,0,
Sci Fi Weapon,laser zap whoosh short c ,LASRGun_Laser Zap Whoosh Short_SCI02-539,LaserZapWhooshShortC.wav | Space Lasers Rays & Photons;Space Whooshes Swooshes & Warbles,Sci-Fi- II Sound Effects,0004.0,,0,0,
Sci Fi Weapon,laser zap wooble pulse ,LASRGun_Laser Zap Wooble Pulse_SCI02-540,LaserZapWooblePulse.wav | Space Lasers Rays & Photons,Sci-Fi- II Sound Effects,0004.0,,0,0,
Sci Fi Weapon,laser zap wooble pulse feedback,LASRGun_Laser Zap Wooble Pulse Feedback_SCI02-541,LaserZapWooblePulseFeedback.wav | Space Lasers Rays & Photons,Sci-Fi- II Sound Effects,0001.0,,0,0,
Sci Fi Weapon,laser zip high ring ,LASRGun_Laser Zip High Ring_SCI02-542,LaserZipHighRing.wav | Space Lasers Rays & Photons,Sci-Fi- II Sound Effects,0002.0,,0,0,
Sci Fi Weapon,laser fire blast ,LASRGun_Laser Fire Blast_SCI02-394,LaserFireBlast.wav | Space Lasers Rays & Photons,Sci-Fi- II Sound Effects,0003.0,,0,0,
Sci Fi Weapon,laser fire fast sputter,LASRGun_Laser Fire Fast Sputter_SCI02-395,LaserFireFastSputter.wav | Space Lasers Rays & Photons,Sci-Fi- II Sound Effects,0026.0,,0,0,
Sci Fi Weapon,laser fire zap a ,LASRGun_Laser Fire Zap_SCI02-396,LaserFireZapA.wav | Space Lasers Rays & Photons,Sci-Fi- II Sound Effects,0003.0,,0,0,
Sci Fi Weapon,laser fire zap b ,LASRGun_Laser Fire Zap_SCI02-397,LaserFireZapB.wav | Space Lasers Rays & Photons,Sci-Fi- II Sound Effects,0003.0,,0,0,
Sci Fi Weapon,laser fire zap c ,LASRGun_Laser Fire Zap_SCI02-398,LaserFireZapC.wav | Space Lasers Rays & Photons,Sci-Fi- II Sound Effects,0004.0,,0,0,
Sci Fi Weapon,laser fire zap d ,LASRGun_Laser Fire Zap_SCI02-399,LaserFireZapD.wav | Space Lasers Rays & Photons,Sci-Fi- II Sound Effects,0005.0,,0,0,
Sci Fi Weapon,laser fire zap multi a ,LASRGun_Laser Fire Zap Multi_SCI02-400,LaserFireZapMultiA.wav | Space Lasers Rays & Photons,Sci-Fi- II Sound Effects,0004.0,,0,0,
Sci Fi Weapon,laser fire zap multi b ,LASRGun_Laser Fire Zap Multi_SCI02-401,LaserFireZapMultiB.wav | Space Lasers Rays & Photons,Sci-Fi- II Sound Effects,0003.0,,0,0,
Sci Fi Weapon,laser fire zap multi c ,LASRGun_Laser Fire Zap Multi_SCI02-402,LaserFireZapMultiC.wav | Space Lasers Rays & Photons,Sci-Fi- II Sound Effects,0005.0,,0,0,
Sci Fi Weapon,laser high short tonal ,LASRGun_Laser High Short Tonal_SCI02-403,LaserHighShortTonal.wav | Space Lasers Rays & Photons,Sci-Fi- II Sound Effects,0004.0,,0,0,
Sci Fi Weapon,laser high short tweeky ,LASRImpt_Laser High Short Tweeky_SCI02-404,LaserHighShortTweeky.wav | Space Lasers Rays & Photons,Sci-Fi- II Sound Effects,0004.0,,0,0,
Sci Fi Weapon,laser high short zappy a ,LASRGun_Laser High Short Zappy_SCI02-405,LaserHighShortZappyA.wav | Space Lasers Rays & Photons,Sci-Fi- II Sound Effects,0004.0,,0,0,
Sci Fi Weapon,laser high short zappy b ,LASRGun_Laser High Short Zappy_SCI02-406,LaserHighShortZappyB.wav | Space Lasers Rays & Photons,Sci-Fi- II Sound Effects,0003.0,,0,0,
Sci Fi Weapon,laser high shrill ,LASRGun_Laser High Shrill_SCI02-407,LaserHighShrill.wav | Space Lasers Rays & Photons,Sci-Fi- II Sound Effects,0003.0,,0,0,
Sci Fi Weapon,laser hit multi a ,LASRGun_Laser Hit Multi_SCI02-408,LaserHitMultiA.wav | Space Lasers Rays & Photons;Miscellaneous Crashes Hits & Impacts;Miscellaneous Crashes Hits & Impacts,Sci-Fi- II Sound Effects,0004.0,,0,0,
Sci Fi Weapon,laser hit multi b ,LASRGun_Laser Hit Multi_SCI02-409,LaserHitMultiB.wav | Space Lasers Rays & Photons;Miscellaneous Crashes Hits & Impacts;Miscellaneous Crashes Hits & Impacts,Sci-Fi- II Sound Effects,0004.0,,0,0,
Sci Fi Weapon,laser hit multi c ,LASRGun_Laser Hit Multi_SCI02-410,LaserHitMultiC.wav | Space Lasers Rays & Photons;Miscellaneous Crashes Hits & Impacts;Miscellaneous Crashes Hits & Impacts,Sci-Fi- II Sound Effects,0004.0,,0,0,
Sci Fi Weapon,laser hit multi d ,LASRGun_Laser Hit Multi_SCI02-411,LaserHitMultiD.wav | Space Lasers Rays & Photons;Miscellaneous Crashes Hits & Impacts;Miscellaneous Crashes Hits & Impacts,Sci-Fi- II Sound Effects,0002.0,,0,0,
Sci Fi Weapon,laser hit multi e ,LASRGun_Laser Hit Multi_SCI02-412,LaserHitMultiE.wav | Space Lasers Rays & Photons;Miscellaneous Crashes Hits & Impacts;Miscellaneous Crashes Hits & Impacts,Sci-Fi- II Sound Effects,0001.0,,0,0,
Sci Fi Weapon,laser hit single ,LASRGun_Laser Hit Single_SCI02-413,LaserHitSingle.wav | Space Lasers Rays & Photons;Miscellaneous Crashes Hits & Impacts;Miscellaneous Crashes Hits & Impacts,Sci-Fi- II Sound Effects,0000.0,,0,0,
Sci Fi Weapon,laser hits various low thuds,LASRGun_Laser Hits Various Low Thuds_SCI02-414,LaserHitsVariousLowThudsA.wav | Space Lasers Rays & Photons;Miscellaneous Crashes Hits & Impacts;Miscellaneous Crashes Hits & Impacts,Sci-Fi- II Sound Effects,0112.0,,0,0,
Sci Fi Weapon,laser hits various low thuds,LASRGun_Laser Hits Various Low Thuds_SCI02-415,LaserHitsVariousLowThudsB.wav | Space Lasers Rays & Photons;Miscellaneous Crashes Hits & Impacts;Miscellaneous Crashes Hits & Impacts,Sci-Fi- II Sound Effects,0058.0,,0,0,
Sci Fi Weapon,laser hot bend fire a ,LASRBeam_Laser Hot Bend Fire_SCI02-416,LaserHotBendFireA.wav | Space Lasers Rays & Photons,Sci-Fi- II Sound Effects,0002.0,,0,0,
Sci Fi Weapon,laser hot bend fire b ,LASRBeam_Laser Hot Bend Fire_SCI02-417,LaserHotBendFireB.wav | Space Lasers Rays & Photons,Sci-Fi- II Sound Effects,0004.0,,0,0,
Sci Fi Weapon,laser hot blasts ,LASRGun_Laser Hot Blasts_SCI02-418,LaserHotBlasts.wav | Space Lasers Rays & Photons,Sci-Fi- II Sound Effects,0003.0,,0,0,
Sci Fi Weapon,laser phaser bend stream ,LASRBeam_Laser Phaser Bend Stream_SCI02-419,LaserPhaserBendStream.wav | Space Lasers Rays & Photons,Sci-Fi- II Sound Effects,0004.0,,0,0,
Sci Fi Weapon,laser phaser boing a ,LASRGun_Laser Phaser Boing_SCI02-420,LaserPhaserBoingA.wav | Space Lasers Rays & Photons,Sci-Fi- II Sound Effects,0003.0,,0,0,
Sci Fi Weapon,laser phaser boing b ,LASRGun_Laser Phaser Boing_SCI02-421,LaserPhaserBoingB.wav | Space Lasers Rays & Photons,Sci-Fi- II Sound Effects,0000.0,,0,0,
Sci Fi Weapon,laser phaser burst blast ,LASRGun_Laser Phaser Burst Blast_SCI02-422,LaserPhaserBurstBlast.wav | Space Lasers Rays & Photons,Sci-Fi- II Sound Effects,0004.0,,0,0,
Sci Fi Weapon,laser phaser whoosh ,LASRMisc_Laser Phaser Whoosh_SCI02-423,LaserPhaserWhoosh.wav | Space Lasers Rays & Photons,Sci-Fi- II Sound Effects,0005.0,,0,0,
Sci Fi Weapon,laser photon ring a ,LASRGun_Laser Photon Ring_SCI02-424,LaserPhotonRingA.wav | Space Lasers Rays & Photons,Sci-Fi- II Sound Effects,0004.0,,0,0,
Sci Fi Weapon,laser photon ring b ,LASRGun_Laser Photon Ring_SCI02-425,LaserPhotonRingB.wav | Space Lasers Rays & Photons,Sci-Fi- II Sound Effects,0005.0,,0,0,
Sci Fi Weapon,laser pulse kicks ,LASRGun_Laser Pulse Kicks_SCI02-426,LaserPulseKicks.wav | Space Lasers Rays & Photons,Sci-Fi- II Sound Effects,0004.0,,0,0,
Sci Fi Weapon,laser pure hit a ,LASRGun_Laser Pure Hit_SCI02-427,LaserPureHitA.wav | Space Lasers Rays & Photons;Miscellaneous Crashes Hits & Impacts;Miscellaneous Crashes Hits & Impacts,Sci-Fi- II Sound Effects,0003.0,,0,0,
Sci Fi Weapon,laser pure hit b ,LASRGun_Laser Pure Hit_SCI02-428,LaserPureHitB.wav | Space Lasers Rays & Photons;Miscellaneous Crashes Hits & Impacts;Miscellaneous Crashes Hits & Impacts,Sci-Fi- II Sound Effects,0004.0,,0,0,
Sci Fi Weapon,laser pure hit c ,LASRGun_Laser Pure Hit_SCI02-429,LaserPureHitC.wav | Space Lasers Rays & Photons;Miscellaneous Crashes Hits & Impacts;Miscellaneous Crashes Hits & Impacts,Sci-Fi- II Sound Effects,0003.0,,0,0,
Sci Fi Weapon,laser pure hit d ,LASRGun_Laser Pure Hit_SCI02-430,LaserPureHitD.wav | Space Lasers Rays & Photons;Miscellaneous Crashes Hits & Impacts;Miscellaneous Crashes Hits & Impacts,Sci-Fi- II Sound Effects,0004.0,,0,0,
Sci Fi Weapon,laser pure tone whoosh ,LASRGun_Laser Pure Tone Whoosh_SCI02-431,LaserPureToneWhoosh.wav | Space Lasers Rays & Photons;Space Whooshes Swooshes & Warbles,Sci-Fi- II Sound Effects,0004.0,,0,0,
Sci Fi Weapon,laser rasp buzz a ,LASRGun_Laser Rasp Buzz_SCI02-432,LaserRaspBuzzA.wav | Space Lasers Rays & Photons;Buzzers,Sci-Fi- II Sound Effects,0004.0,,0,0,
Sci Fi Weapon,laser rasp buzz b ,LASRGun_Laser Rasp Buzz_SCI02-433,LaserRaspBuzzB.wav | Space Lasers Rays & Photons;Buzzers,Sci-Fi- II Sound Effects,0004.0,,0,0,
Sci Fi Weapon,laser rasp buzz zap a ,LASRGun_Laser Rasp Buzz Zap_SCI02-434,LaserRaspBuzzZapA.wav | Space Lasers Rays & Photons;Buzzers,Sci-Fi- II Sound Effects,0004.0,,0,0,
Sci Fi Weapon,laser rasp buzz zap b ,LASRGun_Laser Rasp Buzz Zap_SCI02-435,LaserRaspBuzzZapB.wav | Space Lasers Rays & Photons;Buzzers,Sci-Fi- II Sound Effects,0003.0,,0,0,
Sci Fi Weapon,laser rasp thud a ,LASRGun_Laser Rasp Thud_SCI02-436,LaserRaspThudA.wav | Space Lasers Rays & Photons;Miscellaneous Crashes Hits & Impacts,Sci-Fi- II Sound Effects,0004.0,,0,0,
Sci Fi Weapon,laser rasp thud b ,LASRGun_Laser Rasp Thud_SCI02-437,LaserRaspThudB.wav | Space Lasers Rays & Photons;Miscellaneous Crashes Hits & Impacts,Sci-Fi- II Sound Effects,0004.0,,0,0,
Sci Fi Weapon,laser rasp thud c ,LASRGun_Laser Rasp Thud_SCI02-438,LaserRaspThudC.wav | Space Lasers Rays & Photons;Miscellaneous Crashes Hits & Impacts,Sci-Fi- II Sound Effects,0005.0,,0,0,
Sci Fi Weapon,laser sharp fast a ,LASRGun_Laser Sharp Fast_SCI02-439,LaserSharpFastA.wav | Space Lasers Rays & Photons,Sci-Fi- II Sound Effects,0004.0,,0,0,
Sci Fi Weapon,laser sharp fast b ,LASRGun_Laser Sharp Fast_SCI02-440,LaserSharpFastB.wav | Space Lasers Rays & Photons,Sci-Fi- II Sound Effects,0004.0,,0,0,
Sci Fi Weapon,laser sharp fast multi a ,LASRGun_Laser Sharp Fast Multi_SCI02-441,LaserSharpFastMultiA.wav | Space Lasers Rays & Photons,Sci-Fi- II Sound Effects,0004.0,,0,0,
Sci Fi Weapon,laser sharp fast multi b ,LASRGun_Laser Sharp Fast Multi_SCI02-442,LaserSharpFastMultiB.wav | Space Lasers Rays & Photons,Sci-Fi- II Sound Effects,0004.0,,0,0,
Sci Fi Weapon,laser sharp fast single ,LASRGun_Laser Sharp Fast Single_SCI02-443,LaserSharpFastSingle.wav | Space Lasers Rays & Photons,Sci-Fi- II Sound Effects,0004.0,,0,0,
Sci Fi Weapon,laser sharp rasp a ,LASRGun_Laser Sharp Rasp_SCI02-444,LaserSharpRaspA.wav | Space Lasers Rays & Photons,Sci-Fi- II Sound Effects,0003.0,,0,0,
Sci Fi Weapon,laser sharp rasp b ,LASRGun_Laser Sharp Rasp_SCI02-445,LaserSharpRaspB.wav | Space Lasers Rays & Photons,Sci-Fi- II Sound Effects,0004.0,,0,0,
Sci Fi Weapon,laser sharp ring a ,LASRGun_Laser Sharp Ring_SCI02-446,LaserSharpRingA.wav | Space Lasers Rays & Photons,Sci-Fi- II Sound Effects,0005.0,,0,0,
Sci Fi Weapon,laser sharp ring b ,LASRGun_Laser Sharp Ring_SCI02-447,LaserSharpRingB.wav | Space Lasers Rays & Photons,Sci-Fi- II Sound Effects,0003.0,,0,0,
Sci Fi Weapon,laser sharp ring c ,LASRGun_Laser Sharp Ring_SCI02-448,LaserSharpRingC.wav | Space Lasers Rays & Photons,Sci-Fi- II Sound Effects,0004.0,,0,0,
Sci Fi Weapon,laser sharp ring d ,LASRGun_Laser Sharp Ring_SCI02-449,LaserSharpRingD.wav | Space Lasers Rays & Photons,Sci-Fi- II Sound Effects,0003.0,,0,0,
Sci Fi Weapon,laser sharp ring e ,LASRGun_Laser Sharp Ring_SCI02-450,LaserSharpRingE.wav | Space Lasers Rays & Photons,Sci-Fi- II Sound Effects,0004.0,,0,0,
Sci Fi Weapon,laser sharp ring f ,LASRGun_Laser Sharp Ring_SCI02-451,LaserSharpRingF.wav | Space Lasers Rays & Photons,Sci-Fi- II Sound Effects,0004.0,,0,0,
Sci Fi Weapon,laser sharp ting ,LASRGun_Laser Sharp Ting_SCI02-452,LaserSharpTing.wav | Space Lasers Rays & Photons,Sci-Fi- II Sound Effects,0003.0,,0,0,
Sci Fi Weapon,laser sharp zap a ,LASRGun_Laser Sharp Zap_SCI02-453,LaserSharpZapA.wav | Space Lasers Rays & Photons,Sci-Fi- II Sound Effects,0003.0,,0,0,
Sci Fi Weapon,laser sharp zap b ,LASRGun_Laser Sharp Zap_SCI02-454,LaserSharpZapB.wav | Space Lasers Rays & Photons,Sci-Fi- II Sound Effects,0003.0,,0,0,
Sci Fi Weapon,laser sharp zap c ,LASRGun_Laser Sharp Zap_SCI02-455,LaserSharpZapC.wav | Space Lasers Rays & Photons,Sci-Fi- II Sound Effects,0003.0,,0,0,
Sci Fi Weapon,laser sharp zap d ,LASRGun_Laser Sharp Zap_SCI02-456,LaserSharpZapD.wav | Space Lasers Rays & Photons,Sci-Fi- II Sound Effects,0003.0,,0,0,
Sci Fi Weapon,laser sharp zap e ,LASRGun_Laser Sharp Zap_SCI02-457,LaserSharpZapE.wav | Space Lasers Rays & Photons,Sci-Fi- II Sound Effects,0004.0,,0,0,
Sci Fi Weapon,laser battle tank shot,LASRGun_Laser Battle Tank Shot_SCI02-346,LaserBattleTankShot.wav | Space Lasers Rays & Photons;Battle Ambiences;Sci Fi Ambiences,Sci-Fi- II Sound Effects,0053.0,,0,0,
Sci Fi Weapon,laser bend warpy ,LASRGun_Laser Bend Warpy_SCI02-347,LaserBendWarpy.wav | Space Lasers Rays & Photons,Sci-Fi- II Sound Effects,0003.0,,0,0,
Sci Fi Weapon,laser blast hit zap ,LASRGun_Laser Blast Hit Zap_SCI02-348,LaserBlastHitZap.wav | Space Lasers Rays & Photons,Sci-Fi- II Sound Effects,0003.0,,0,0,
Sci Fi Weapon,laser blast zap ,LASRGun_Laser Blast Zap_SCI02-349,LaserBlastZap.wav | Space Lasers Rays & Photons,Sci-Fi- II Sound Effects,0004.0,,0,0,
Sci Fi Weapon,laser boing hit a ,LASRGun_Laser Boing Hit_SCI02-350,LaserBoingHitA.wav | Space Lasers Rays & Photons,Sci-Fi- II Sound Effects,0007.0,,0,0,
Sci Fi Weapon,laser boing hit b ,LASRImpt_Laser Boing Hit_SCI02-351,LaserBoingHitB.wav | Space Lasers Rays & Photons,Sci-Fi- II Sound Effects,0004.0,,0,0,
Sci Fi Weapon,laser buzz wash ,LASRGun_Laser Buzz Wash_SCI02-352,LaserBuzzWash.wav | Space Lasers Rays & Photons;Buzzers,Sci-Fi- II Sound Effects,0002.0,,0,0,
Sci Fi Weapon,laser distorted shrill ,LASRGun_Laser Distorted Shrill_SCI02-353,LaserDistortedShrill.wav | Space Lasers Rays & Photons,Sci-Fi- II Sound Effects,0004.0,,0,0,
Sci Fi Weapon,laser distorted static ,LASRBeam_Laser Distorted Static_SCI02-354,LaserDistortedStatic.wav | Space Lasers Rays & Photons,Sci-Fi- II Sound Effects,0003.0,,0,0,
Sci Fi Weapon,laser distortion blast buzz zap,LASRGun_Laser Distortion Blast Buzz Zap_SCI02-355,LaserDistortionBlastBuzzZap.wav | Space Lasers Rays & Photons,Sci-Fi- II Sound Effects,0003.0,,0,0,
Sci Fi Weapon,laser distortion blast click ,LASRGun_Laser Distortion Blast Click_SCI02-356,LaserDistortionBlastClick.wav | Space Lasers Rays & Photons,Sci-Fi- II Sound Effects,0006.0,,0,0,
Sci Fi Weapon,laser distortion blast fire ,LASRGun_Laser Distortion Blast Fire_SCI02-357,LaserDistortionBlastFire.wav | Space Lasers Rays & Photons,Sci-Fi- II Sound Effects,0004.0,,0,0,
Sci Fi Weapon,laser distortion blast low a ,LASRGun_Laser Distortion Blast Low_SCI02-358,LaserDistortionBlastLowA.wav | Space Lasers Rays & Photons,Sci-Fi- II Sound Effects,0005.0,,0,0,
Sci Fi Weapon,laser distortion blast low b ,LASRGun_Laser Distortion Blast Low_SCI02-359,LaserDistortionBlastLowB.wav | Space Lasers Rays & Photons,Sci-Fi- II Sound Effects,0005.0,,0,0,
Sci Fi Weapon,laser distortion blast low c ,LASRGun_Laser Distortion Blast Low_SCI02-360,LaserDistortionBlastLowC.wav | Space Lasers Rays & Photons,Sci-Fi- II Sound Effects,0004.0,,0,0,
Sci Fi Weapon,laser distortion blast low fuzz,LASRGun_Laser Distortion Blast Low Fuzz_SCI02-361,LaserDistortionBlastLowFuzz.wav | Space Lasers Rays & Photons,Sci-Fi- II Sound Effects,0004.0,,0,0,
Sci Fi Weapon,laser distortion blast moan cli,LASRGun_Laser Distortion Blast Moan Click_SCI02-362,LaserDistortionBlastMoanClick.wav | Space Lasers Rays & Photons,Sci-Fi- II Sound Effects,0004.0,,0,0,
Sci Fi Weapon,laser distortion blast moan cli,LASRGun_Laser Distortion Blast Moan Click_SCI02-363,LaserDistortionBlastMoanClickB.wav | Space Lasers Rays & Photons,Sci-Fi- II Sound Effects,0006.0,,0,0,
Sci Fi Weapon,laser distortion blast moan gru,LASRGun_Laser Distortion Blast Moan Grunt_SCI02-364,LaserDistortionBlastMoanGrunt.wav | Space Lasers Rays & Photons,Sci-Fi- II Sound Effects,0005.0,,0,0,
Sci Fi Weapon,laser distortion blast moan hit,LASRGun_Laser Distortion Blast Moan Hit_SCI02-365,LaserDistortionBlastMoanHit.wav | Space Lasers Rays & Photons,Sci-Fi- II Sound Effects,0004.0,,0,0,
Sci Fi Weapon,laser distortion blast moan mul,LASRGun_Laser Distortion Blast Moan Multiple_SCI02-366,LaserDistortionBlastMoanMultiple.wav | Space Lasers Rays & Photons,Sci-Fi- II Sound Effects,0011.0,,0,0,
Sci Fi Weapon,laser distortion blast moan zap,LASRGun_Laser Distortion Blast Moan Zap_SCI02-367,LaserDistortionBlastMoanZapA.wav | Space Lasers Rays & Photons,Sci-Fi- II Sound Effects,0003.0,,0,0,
Sci Fi Weapon,laser distortion blast moan zap,LASRGun_Laser Distortion Blast Moan Zap_SCI02-368,LaserDistortionBlastMoanZapB.wav | Space Lasers Rays & Photons,Sci-Fi- II Sound Effects,0004.0,,0,0,
Sci Fi Weapon,laser distortion blast overload,LASRGun_Laser Distortion Blast Overloaded_SCI02-369,LaserDistortionBlastOverloadedA.wav | Space Lasers Rays & Photons,Sci-Fi- II Sound Effects,0005.0,,0,0,
Sci Fi Weapon,laser distortion blast overload,LASRGun_Laser Distortion Blast Overloaded_SCI02-370,LaserDistortionBlastOverloadedB.wav | Space Lasers Rays & Photons,Sci-Fi- II Sound Effects,0004.0,,0,0,
Sci Fi Weapon,laser distortion blast overload,LASRGun_Laser Distortion Blast Overloaded_SCI02-371,LaserDistortionBlastOverloadedC.wav | Space Lasers Rays & Photons,Sci-Fi- II Sound Effects,0004.0,,0,0,
Sci Fi Weapon,laser distortion blast overload,LASRGun_Laser Distortion Blast Overloaded Short_SCI02-372,LaserDistortionBlastOverloadedShort.wav | Space Lasers Rays & Photons,Sci-Fi- II Sound Effects,0004.0,,0,0,
Sci Fi Weapon,laser distortion blast short ,LASRGun_Laser Distortion Blast Short_SCI02-373,LaserDistortionBlastShort.wav | Space Lasers Rays & Photons,Sci-Fi- II Sound Effects,0004.0,,0,0,
Sci Fi Weapon,laser distortion blast short cl,LASRGun_Laser Distortion Blast Short Click_SCI02-374,LaserDistortionBlastShortClick.wav | Space Lasers Rays & Photons,Sci-Fi- II Sound Effects,0003.0,,0,0,
Sci Fi Weapon,laser distortion blast short mo,LASRGun_Laser Distortion Blast Short Moan_SCI02-375,LaserDistortionBlastShortMoan.wav | Space Lasers Rays & Photons,Sci-Fi- II Sound Effects,0003.0,,0,0,
Sci Fi Weapon,laser distortion blast short za,LASRGun_Laser Distortion Blast Short Zap_SCI02-376,LaserDistortionBlastShortZapA.wav | Space Lasers Rays & Photons,Sci-Fi- II Sound Effects,0003.0,,0,0,
Sci Fi Weapon,laser distortion blast short za,LASRGun_Laser Distortion Blast Short Zap_SCI02-377,LaserDistortionBlastShortZapB.wav | Space Lasers Rays & Photons,Sci-Fi- II Sound Effects,0003.0,,0,0,
Sci Fi Weapon,laser distortion blast short za,LASRGun_Laser Distortion Blast Short Zap_SCI02-378,LaserDistortionBlastShortZapC.wav | Space Lasers Rays & Photons,Sci-Fi- II Sound Effects,0003.0,,0,0,
Sci Fi Weapon,laser distortion blast spray cl,LASRGun_Laser Distortion Blast Spray Click_SCI02-379,LaserDistortionBlastSprayClick.wav | Space Lasers Rays & Photons,Sci-Fi- II Sound Effects,0004.0,,0,0,
Sci Fi Weapon,laser distortion blast spray za,LASRGun_Laser Distortion Blast Spray Zap_SCI02-380,LaserDistortionBlastSprayZap.wav | Space Lasers Rays & Photons,Sci-Fi- II Sound Effects,0002.0,,0,0,
Sci Fi Weapon,laser distortion blast zap ,LASRGun_Laser Distortion Blast Zap_SCI02-381,LaserDistortionBlastZap.wav | Space Lasers Rays & Photons,Sci-Fi- II Sound Effects,0006.0,,0,0,
Sci Fi Weapon,laser distortion blast zap clic,LASRGun_Laser Distortion Blast Zap Click_SCI02-382,LaserDistortionBlastZapClickA.wav | Space Lasers Rays & Photons,Sci-Fi- II Sound Effects,0006.0,,0,0,
Sci Fi Weapon,laser distortion blast zap clic,LASRGun_Laser Distortion Blast Zap Click_SCI02-383,LaserDistortionBlastZapClickB.wav | Space Lasers Rays & Photons,Sci-Fi- II Sound Effects,0004.0,,0,0,
Sci Fi Weapon,laser distortion blast zap clic,LASRGun_Laser Distortion Blast Zap Click_SCI02-384,LaserDistortionBlastZapClickC.wav | Space Lasers Rays & Photons,Sci-Fi- II Sound Effects,0004.0,,0,0,
Sci Fi Weapon,laser distortion blast zap hit ,LASRGun_Laser Distortion Blast Zap Hit_SCI02-385,LaserDistortionBlastZapHit.wav | Space Lasers Rays & Photons,Sci-Fi- II Sound Effects,0003.0,,0,0,
Sci Fi Weapon,laser distortion blast zap phas,LASRGun_Laser Distortion Blast Zap Phase_SCI02-386,LaserDistortionBlastZapPhaseA.wav | Space Lasers Rays & Photons,Sci-Fi- II Sound Effects,0004.0,,0,0,
Sci Fi Weapon,laser distortion blast zap phas,LASRGun_Laser Distortion Blast Zap Phase_SCI02-387,LaserDistortionBlastZapPhaseB.wav | Space Lasers Rays & Photons,Sci-Fi- II Sound Effects,0003.0,,0,0,
Sci Fi Weapon,laser distortion zap ,LASRGun_Laser Distortion Zap_SCI02-388,LaserDistortionZap.wav | Space Lasers Rays & Photons,Sci-Fi- II Sound Effects,0004.0,,0,0,
Sci Fi Weapon,laser dong double ,LASRGun_Laser Dong Double_SCI02-389,LaserDongDouble.wav | Space Lasers Rays & Photons,Sci-Fi- II Sound Effects,0003.0,,0,0,
Sci Fi Weapon,laser dong hit ,LASRGun_Laser Dong Hit_SCI02-390,LaserDongHit.wav | Space Lasers Rays & Photons,Sci-Fi- II Sound Effects,0001.0,,0,0,
Static,tone static energy blast ,COMStatic_Tone Static Energy Blast_SCI02-897,ToneStaticEnergyBlast.wav | Space Drones & Electronic Tones;Static,Sci-Fi- II Sound Effects,0031.0,,0,0,
Static,tone static relay clicks vary ,COMStatic_Tone Static Relay Clicks Vary_SCI02-898,ToneStaticRelayClicksVary.wav | Space Drones & Electronic Tones;Static,Sci-Fi- II Sound Effects,0022.0,,0,0,
Submarine,submarine drive sick grindy ,BOATSub_Submarine Drive Sick Grindy_SCI02-629,SubmarineDriveSickGrindy.wav | Submarines,Sci-Fi- II Sound Effects,0129.0,,0,0,
Submarine,submarine drive normal ,BOATSub_Submarine Drive Normal_SCI02-623,SubmarineDriveNormal.wav | Submarines,Sci-Fi- II Sound Effects,0021.0,,0,0,
Submarine,submarine drive normal a ,BOATSub_Submarine Drive Normal_SCI02-624,SubmarineDriveNormalA.wav | Submarines,Sci-Fi- II Sound Effects,0024.0,,0,0,
Submarine,submarine drive normal b ,BOATSub_Submarine Drive Normal_SCI02-625,SubmarineDriveNormalB.wav | Submarines,Sci-Fi- II Sound Effects,0045.0,,0,0,
Submarine Propeller,submarine drive propeller thrus,BOATSub_Submarine Drive Propeller Thrust_SCI02-626,SubmarineDrivePropellerThrustA.wav | Submarines,Sci-Fi- II Sound Effects,0108.0,,0,0,
Submarine Propeller,submarine drive propeller thrus,BOATSub_Submarine Drive Propeller Thrust_SCI02-627,SubmarineDrivePropellerThrustB.wav | Submarines,Sci-Fi- II Sound Effects,0138.0,,0,0,
Submarine Propeller,submarine drive propeller thrus,BOATSub_Submarine Drive Propeller Thrust Slow_SCI02-628,SubmarineDrivePropellerThrustSlow.wav | Submarines,Sci-Fi- II Sound Effects,0035.0,,0,0,
Submarine Propeller,submarine propeller slow down a,BOATSub_Submarine Propeller Slow Down_SCI02-645,SubmarinePropellerSlowDownA.wav | Submarines,Sci-Fi- II Sound Effects,0049.0,,0,0,
Submarine Propeller,submarine propeller slow down b,BOATSub_Submarine Propeller Slow Down_SCI02-646,SubmarinePropellerSlowDownB.wav | Submarines,Sci-Fi- II Sound Effects,0051.0,,0,0,
Telemetry,tone dirty data,UIData_Tone Dirty Data_SCI02-771,ToneDirtyDataA.wav | Space Drones & Electronic Tones;Space Telemetry,Sci-Fi- II Sound Effects,0029.0,,0,0,
Telemetry,tone dirty data,UIData_Tone Dirty Data_SCI02-772,ToneDirtyDataB.wav | Space Drones & Electronic Tones;Space Telemetry,Sci-Fi- II Sound Effects,0038.0,,0,0,
Telemetry,tone dirty data,UIData_Tone Dirty Data_SCI02-773,ToneDirtyDataC.wav | Space Drones & Electronic Tones;Space Telemetry,Sci-Fi- II Sound Effects,0036.0,,0,0,
Telemetry,tone pulse random sequence,DSGNRythm_Tone Pulse Random Sequence_SCI02-853,TonePulseRandomSequenceA.wav | Space Drones & Electronic Tones,Sci-Fi- II Sound Effects,0039.0,,0,0,
Telemetry,tone pulse random sequence,DSGNRythm_Tone Pulse Random Sequence_SCI02-854,TonePulseRandomSequenceB.wav | Space Drones & Electronic Tones,Sci-Fi- II Sound Effects,0102.0,,0,0,
Telemetry,tone data blip bursts ,UIData_Tone Data Blip Bursts_SCI02-765,ToneDataBlipBursts.wav | Space Drones & Electronic Tones;Space Telemetry,Sci-Fi- II Sound Effects,0011.0,,0,0,
Telemetry,tone data blip bursts varied ,UIData_Tone Data Blip Bursts Varied_SCI02-766,ToneDataBlipBurstsVaried.wav | Space Drones & Electronic Tones;Space Telemetry,Sci-Fi- II Sound Effects,0006.0,,0,0,
Telemetry,tone data blips distorted mono ,UIData_Tone Data Blips Distorted Mono_SCI02-767,ToneDataBlipsDistortedMono.wav | Space Drones & Electronic Tones;Space Telemetry,Sci-Fi- II Sound Effects,0011.0,,0,0,
Telemetry,tone rising,DSGNRise_Tone Rising_SCI02-877,ToneRising.wav | Space Drones & Electronic Tones;Space Telemetry,Sci-Fi- II Sound Effects,0014.0,,0,0,
Telemetry,tone ring bloop,SCIAlrm_Tone Ring Bloop_SCI02-873,ToneRingBloop.wav | Space Drones & Electronic Tones;Space Telemetry,Sci-Fi- II Sound Effects,0001.0,,0,0,
Telemetry,tone random computer,SCICmpt_Tone Random Computer_SCI02-862,ToneRandomComputerA.wav | Space Drones & Electronic Tones;Space Telemetry,Sci-Fi- II Sound Effects,0049.0,,0,0,
Telemetry,tone random computer,SCICmpt_Tone Random Computer_SCI02-863,ToneRandomComputerB.wav | Space Drones & Electronic Tones;Space Telemetry,Sci-Fi- II Sound Effects,0043.0,,0,0,
Telemetry,tone rapid burst sample hold,COMTelm_Tone Rapid Burst Sample Hold_SCI02-864,ToneRapidBurstSampleHold.wav | Space Drones & Electronic Tones;Space Telemetry,Sci-Fi- II Sound Effects,0037.0,,0,0,
Telemetry,tone rapid random bursts,COMTelm_Tone Rapid Random Bursts_SCI02-865,ToneRapidRandomBurstsA.wav | Space Drones & Electronic Tones;Space Telemetry,Sci-Fi- II Sound Effects,0014.0,,0,0,
Telemetry,tone rapid random bursts,COMTelm_Tone Rapid Random Bursts_SCI02-866,ToneRapidRandomBurstsB.wav | Space Drones & Electronic Tones;Space Telemetry,Sci-Fi- II Sound Effects,0009.0,,0,0,
Telemetry,tone rapid random bursts,COMTelm_Tone Rapid Random Bursts_SCI02-867,ToneRapidRandomBurstsC.wav | Space Drones & Electronic Tones;Space Telemetry,Sci-Fi- II Sound Effects,0009.0,,0,0,
Telemetry,tone rapid sequence sample hold,COMTelm_Tone Rapid Sequence Sample Hold_SCI02-868,ToneRapidSequenceSampleHoldA.wav | Space Drones & Electronic Tones;Space Telemetry,Sci-Fi- II Sound Effects,0007.0,,0,0,
Telemetry,tone rapid sequence sample hold,COMTelm_Tone Rapid Sequence Sample Hold_SCI02-869,ToneRapidSequenceSampleHoldB.wav | Space Drones & Electronic Tones;Space Telemetry,Sci-Fi- II Sound Effects,0007.0,,0,0,
Telemetry,tone telemetry high piercing ,COMTelm_Tone Telemetry High Piercing_SCI02-907,ToneTelemetryHighPiercing.wav | Space Drones & Electronic Tones;Space Telemetry,Sci-Fi- II Sound Effects,0046.0,,0,0,
Telemetry,tone telemetry medium ,COMTelm_Tone Telemetry Medium_SCI02-908,ToneTelemetryMedium.wav | Space Drones & Electronic Tones;Space Telemetry,Sci-Fi- II Sound Effects,0022.0,,0,0,
Telemetry,tone telemetry medium piercing ,COMTelm_Tone Telemetry Medium Piercing_SCI02-909,ToneTelemetryMediumPiercing.wav | Space Drones & Electronic Tones;Space Telemetry,Sci-Fi- II Sound Effects,0051.0,,0,0,
Telephone Antique,tone phone antique bell ring ,COMTelph_Tone Phone Antique Bell Ring_SCI02-833,TonePhoneAntiqueBellRing.wav | Space Drones & Electronic Tones;Telephones,Sci-Fi- II Sound Effects,0022.0,,0,0,
Telephone Busy,tone phone busy signal ,COMTelph_Tone Phone Busy Signal_SCI02-836,TonePhoneBusySignal.wav | Space Drones & Electronic Tones;Telephones,Sci-Fi- II Sound Effects,0010.0,,0,0,
Telephone Dial,tone phone dial tones 1980s ,COMTelph_Tone Phone Dial Tones 1980_SCI02-837,TonePhoneDialTones1980s.wav | Space Drones & Electronic Tones;Telephones,Sci-Fi- II Sound Effects,0028.0,,0,0,
Telephone Dial,tone phone pulse dial old ,COMTelph_Tone Phone Pulse Dial Old_SCI02-841,TonePhonePulseDialOld.wav | Space Drones & Electronic Tones;Telephones,Sci-Fi- II Sound Effects,0011.0,,0,0,
Telephone Dial,tone phone auto speed dial beep,COMTelph_Tone Phone Auto Speed Dial Beep_SCI02-835,TonePhoneAutoSpeedDialBeep.wav | Space Drones & Electronic Tones;Telephones,Sci-Fi- II Sound Effects,0055.0,,0,0,
Telephone Fax,tone phone fax mach ,COMTelm_Tone Phone Fax Mach_SCI02-838,TonePhoneFaxMach.wav | Space Drones & Electronic Tones;Telephones,Sci-Fi- II Sound Effects,0014.0,,0,0,
Telephone Fax,tone phone auto dial fax ,COMTelm_Tone Phone Auto Dial Fax_SCI02-834,TonePhoneAutoDialFax.wav | Space Drones & Electronic Tones;Telephones,Sci-Fi- II Sound Effects,0014.0,,0,0,
Telephone Fax,tone fax busy then dial connect,COMTelm_Tone Fax Busy Then Dial Connect_SCI02-784,ToneFaxBusyThenDialConnect.wav | Space Drones & Electronic Tones;Computer Beeps Signals & Warnings;Telephones,Sci-Fi- II Sound Effects,0030.0,,0,0,
Telephone Fax,tone fax dial connect,COMTelm_Tone Fax Dial Connect_SCI02-785,ToneFaxDialConnectA.wav | Space Drones & Electronic Tones;Computer Beeps Signals & Warnings;Telephones,Sci-Fi- II Sound Effects,0011.0,,0,0,
Telephone Fax,tone fax dial connect,COMTelm_Tone Fax Dial Connect_SCI02-786,ToneFaxDialConnectB.wav | Space Drones & Electronic Tones;Computer Beeps Signals & Warnings;Telephones,Sci-Fi- II Sound Effects,0011.0,,0,0,
Telephone Fax,tone fax dialing,COMTelm_Tone Fax Dialing_SCI02-787,ToneFaxDialing.wav | Space Drones & Electronic Tones;Computer Beeps Signals & Warnings;Telephones,Sci-Fi- II Sound Effects,0053.0,,0,0,
Telephone Ring,tone phone rasp beep ,COMTelph_Tone Phone Rasp Beep_SCI02-842,TonePhoneRaspBeep.wav | Space Drones & Electronic Tones;Telephones,Sci-Fi- II Sound Effects,0100.0,,0,0,
Telephone Ring,tone phone ring analog ,COMTelph_Tone Phone Ring Analog_SCI02-843,TonePhoneRingAnalog.wav | Space Drones & Electronic Tones;Telephones,Sci-Fi- II Sound Effects,0017.0,,0,0,
Telephone Ring,tone phone ring cordless room ,COMTelph_Tone Phone Ring Cordless Room_SCI02-844,TonePhoneRingCordlessRoom.wav | Space Drones & Electronic Tones;Telephones,Sci-Fi- II Sound Effects,0020.0,,0,0,
Telephone Ring,tone phone ring electronic ,COMTelph_Tone Phone Ring Electronic_SCI02-845,TonePhoneRingElectronic.wav | Space Drones & Electronic Tones;Telephones,Sci-Fi- II Sound Effects,0020.0,,0,0,
Telephone Ring,tone phone ring pitch two ,COMTelph_Tone Phone Ring Hi Pitch Two_SCI02-846,TonePhoneRingHiPitchTwo.wav | Space Drones & Electronic Tones;Telephones,Sci-Fi- II Sound Effects,0016.0,,0,0,
Telephone Ring,tone phone ring pulse dial old ,COMTelph_Tone Phone Ring Pulse Dial Old_SCI02-847,TonePhoneRingPulseDialOld.wav | Space Drones & Electronic Tones;Telephones,Sci-Fi- II Sound Effects,0037.0,,0,0,
Telephone Ring,tone phone ring pulse old ,COMTelph_Tone Phone Ring Pulse Old_SCI02-848,TonePhoneRingPulseOld.wav | Space Drones & Electronic Tones;Telephones,Sci-Fi- II Sound Effects,0013.0,,0,0,
Telephone Static,tone phone modem static a ,COMTelph_Tone Phone Modem Static_SCI02-839,TonePhoneModemStaticA.wav | Space Drones & Electronic Tones;Telephones,Sci-Fi- II Sound Effects,0033.0,,0,0,
Telephone Static,tone phone modem static b ,COMTelph_Tone Phone Modem Static_SCI02-840,TonePhoneModemStaticB.wav | Space Drones & Electronic Tones;Telephones,Sci-Fi- II Sound Effects,0040.0,,0,0,
Telephone Tone,tone telephone fuzzy bursts,COMTelph_Tone Telephone Fuzzy Bursts_SCI02-910,ToneTelephoneFuzzyBurstsA.wav | Space Drones & Electronic Tones;Telephones,Sci-Fi- II Sound Effects,0007.0,,0,0,
Telephone Tone,tone telephone fuzzy bursts,COMTelph_Tone Telephone Fuzzy Bursts_SCI02-911,ToneTelephoneFuzzyBurstsB.wav | Space Drones & Electronic Tones;Telephones,Sci-Fi- II Sound Effects,0003.0,,0,0,
Telephone Tone,tone telephone fuzzy bursts,COMTelph_Tone Telephone Fuzzy Bursts_SCI02-912,ToneTelephoneFuzzyBurstsC.wav | Space Drones & Electronic Tones;Telephones,Sci-Fi- II Sound Effects,0005.0,,0,0,
Telephone Tone,tone telephone fuzzy bursts,COMTelph_Tone Telephone Fuzzy Bursts_SCI02-913,ToneTelephoneFuzzyBurstsD.wav | Space Drones & Electronic Tones;Telephones,Sci-Fi- II Sound Effects,0012.0,,0,0,
Telephone Tone,tone telephone fuzzy bursts,COMTelph_Tone Telephone Fuzzy Bursts_SCI02-914,ToneTelephoneFuzzyBurstsE.wav | Space Drones & Electronic Tones;Telephones,Sci-Fi- II Sound Effects,0003.0,,0,0,
Telephone Tone,tone telephone fuzzy bursts,COMTelph_Tone Telephone Fuzzy Bursts_SCI02-915,ToneTelephoneFuzzyBurstsF.wav | Space Drones & Electronic Tones;Telephones,Sci-Fi- II Sound Effects,0004.0,,0,0,
Telephone Tone,tone telephone fuzzy sequence,COMTelph_Tone Telephone Fuzzy Sequence_SCI02-916,ToneTelephoneFuzzySequenceA.wav | Space Drones & Electronic Tones;Telephones,Sci-Fi- II Sound Effects,0012.0,,0,0,
Telephone Tone,tone telephone fuzzy sequence,COMTelph_Tone Telephone Fuzzy Sequence_SCI02-917,ToneTelephoneFuzzySequenceB.wav | Space Drones & Electronic Tones;Telephones,Sci-Fi- II Sound Effects,0013.0,,0,0,
Telephone Tone,tone telephone fuzzy sequence,COMTelph_Tone Telephone Fuzzy Sequence_SCI02-918,ToneTelephoneFuzzySequenceC.wav | Space Drones & Electronic Tones;Telephones,Sci-Fi- II Sound Effects,0006.0,,0,0,
Telephone Tone,tone telephone fuzzy sequence,COMTelph_Tone Telephone Fuzzy Sequence_SCI02-919,ToneTelephoneFuzzySequenceD.wav | Space Drones & Electronic Tones;Telephones,Sci-Fi- II Sound Effects,0005.0,,0,0,
Telephone Tone,tone telephone fuzzy sequence,COMTelph_Tone Telephone Fuzzy Sequence_SCI02-920,ToneTelephoneFuzzySequenceE.wav | Space Drones & Electronic Tones;Telephones,Sci-Fi- II Sound Effects,0007.0,,0,0,
Television Static,static tvbad reception ,COMStatic_Static TVBad Reception_SCI02-619,StaticTVBadReception.wav | Static;Televisions,Sci-Fi- II Sound Effects,0034.0,,0,0,
Television Static,static tvchannel change ,COMTv_Static TVChannel Change_SCI02-620,StaticTVChannelChange.wav | Static;Televisions,Sci-Fi- II Sound Effects,0321.0,,0,0,
Television Static,static tvsteady noise ,COMStatic_Static TVSteady Noise_SCI02-621,StaticTVSteadyNoise.wav | Static;Televisions,Sci-Fi- II Sound Effects,0011.0,,0,0,
Television Switch,static tvswitch turn off ,MECHSwtch_Static TVSwitch Turn Off_SCI02-622,StaticTVSwitchTurnOff.wav | Static;Televisions,Sci-Fi- II Sound Effects,0004.0,,0,0,
Temple Ambience,ambience temple bell crickets a,AMBRlgn_Ambience Temple Bell Crickets_SCI02-009,AmbienceTempleBellCricketsA.wav | Farm Rural & Countryside Ambiences;Churches;Insects;Bells,Sci-Fi- II Sound Effects,0106.0,,0,0,
Temple Ambience,ambience temple bell crickets b,AMBRlgn_Ambience Temple Bell Crickets_SCI02-010,AmbienceTempleBellCricketsB.wav | Farm Rural & Countryside Ambiences;Churches;Insects;Bells,Sci-Fi- II Sound Effects,0113.0,,0,0,
Temple Ambience,ambience temple bell crickets,AMBRlgn_Ambience Temple Bell Crickets Dogs_SCI02-011,AmbienceTempleBellCricketsDogs.wav | Farm Rural & Countryside Ambiences;Churches;Insects;Bells,Sci-Fi- II Sound Effects,0142.0,,0,0,
Temple Ambience,ambience temple bell jungle ,AMBRlgn_Ambience Temple Bell Jungle_SCI02-012,AmbienceTempleBellJungle.wav | Farm Rural & Countryside Ambiences;Churches;Bells,Sci-Fi- II Sound Effects,0058.0,,0,0,
Torpedo,topedo constant,SCIMach_Topedo Constant_SCI02-945,TopedoConstant.wav | Torpedoes,Sci-Fi- II Sound Effects,0119.0,,0,0,
Torpedo,torpedo constant,BOATSub_Torpedo Constant_SCI02-947,TorpedoConstant.wav | Torpedoes,Sci-Fi- II Sound Effects,0021.0,,0,0,
Torpedo Fire,torpedo fire flush a ,BOATSub_Torpedo Fire Flush By_SCI02-949,TorpedoFireFlushByA.wav | Torpedoes;Fire Scenes Fires & Flames,Sci-Fi- II Sound Effects,0003.0,,0,0,
Torpedo Fire,torpedo fire flush b ,BOATSub_Torpedo Fire Flush By_SCI02-950,TorpedoFireFlushByB.wav | Torpedoes;Fire Scenes Fires & Flames,Sci-Fi- II Sound Effects,0003.0,,0,0,
Torpedo Fire,torpedo fire flush c ,BOATSub_Torpedo Fire Flush By_SCI02-951,TorpedoFireFlushByC.wav | Torpedoes;Fire Scenes Fires & Flames,Sci-Fi- II Sound Effects,0004.0,,0,0,
Torpedo Fire,torpedo fire flush d ,BOATSub_Torpedo Fire Flush By_SCI02-952,TorpedoFireFlushByD.wav | Torpedoes;Fire Scenes Fires & Flames,Sci-Fi- II Sound Effects,0003.0,,0,0,
Torpedo Fire,torpedo fire flush e ,BOATSub_Torpedo Fire Flush By_SCI02-953,TorpedoFireFlushByE.wav | Torpedoes;Fire Scenes Fires & Flames,Sci-Fi- II Sound Effects,0003.0,,0,0,
Torpedo Fire,torpedo fire flush low a ,BOATSub_Torpedo Fire Flush By Low_SCI02-954,TorpedoFireFlushByLowA.wav | Torpedoes;Fire Scenes Fires & Flames,Sci-Fi- II Sound Effects,0003.0,,0,0,
Torpedo Fire,torpedo fire flush low b ,BOATSub_Torpedo Fire Flush By Low_SCI02-955,TorpedoFireFlushByLowB.wav | Torpedoes;Fire Scenes Fires & Flames,Sci-Fi- II Sound Effects,0004.0,,0,0,
Torpedo Hatch,torpedo motor hatch door a ,BOATSub_Torpedo Motor Hatch Door_SCI02-957,TorpedoMotorHatchDoorA.wav | Torpedoes;Space Doors Hatches & Airlocks;Metal Doors & Gates,Sci-Fi- II Sound Effects,0042.0,,0,0,
Torpedo Hatch,torpedo motor hatch door b ,BOATSub_Torpedo Motor Hatch Door_SCI02-958,TorpedoMotorHatchDoorB.wav | Torpedoes;Space Doors Hatches & Airlocks;Metal Doors & Gates,Sci-Fi- II Sound Effects,0017.0,,0,0,
Torpedo Hatch,torpedo motor hatch door c ,BOATSub_Torpedo Motor Hatch Door_SCI02-959,TorpedoMotorHatchDoorC.wav | Torpedoes;Space Doors Hatches & Airlocks;Metal Doors & Gates,Sci-Fi- II Sound Effects,0018.0,,0,0,
Torpedo Hatch,torpedo motor hatch door d ,BOATSub_Torpedo Motor Hatch Door_SCI02-960,TorpedoMotorHatchDoorD.wav | Torpedoes;Space Doors Hatches & Airlocks;Metal Doors & Gates,Sci-Fi- II Sound Effects,0006.0,,0,0,
Torpedo Hatch,torpedo motor hatch door e ,BOATSub_Torpedo Motor Hatch Door_SCI02-961,TorpedoMotorHatchDoorE.wav | Torpedoes;Space Doors Hatches & Airlocks;Metal Doors & Gates,Sci-Fi- II Sound Effects,0015.0,,0,0,
Torpedo Hatch,torpedo motor hatch door f ,BOATSub_Torpedo Motor Hatch Door_SCI02-962,TorpedoMotorHatchDoorF.wav | Torpedoes;Space Doors Hatches & Airlocks;Metal Doors & Gates,Sci-Fi- II Sound Effects,0019.0,,0,0,
Torpedo Hatch,torpedo motor hatch door low ,BOATSub_Torpedo Motor Hatch Door Low_SCI02-963,TorpedoMotorHatchDoorLow.wav | Torpedoes;Space Doors Hatches & Airlocks;Metal Doors & Gates,Sci-Fi- II Sound Effects,0017.0,,0,0,
Torpedo Hatch,torpedo motor hatch door pitche,BOATSub_Torpedo Motor Hatch Door Pitched_SCI02-964,TorpedoMotorHatchDoorPitched.wav | Torpedoes;Space Doors Hatches & Airlocks;Metal Doors & Gates,Sci-Fi- II Sound Effects,0014.0,,0,0,
Torpedo Hatch,torpedo motor hatch door short,BOATSub_Torpedo Motor Hatch Door Short_SCI02-965,TorpedoMotorHatchDoorShortA.wav | Torpedoes;Space Doors Hatches & Airlocks;Metal Doors & Gates,Sci-Fi- II Sound Effects,0003.0,,0,0,
Torpedo Hatch,torpedo motor hatch door short,BOATSub_Torpedo Motor Hatch Door Short_SCI02-966,TorpedoMotorHatchDoorShortB.wav | Torpedoes;Space Doors Hatches & Airlocks;Metal Doors & Gates,Sci-Fi- II Sound Effects,0004.0,,0,0,
Torpedo Hatch,torpedo motor hatch latch ,BOATSub_Torpedo Motor Hatch Latch_SCI02-967,TorpedoMotorHatchLatch.wav | Torpedoes;Space Doors Hatches & Airlocks;Metal Doors & Gates,Sci-Fi- II Sound Effects,0004.0,,0,0,
Torpedo Hatch,torpedo motor hatch latch low ,BOATSub_Torpedo Motor Hatch Latch Low_SCI02-968,TorpedoMotorHatchLatchLow.wav | Torpedoes;Space Doors Hatches & Airlocks;Metal Doors & Gates,Sci-Fi- II Sound Effects,0005.0,,0,0,
Torpedo Hatch,torpedo motor hatch latch mediu,BOATSub_Torpedo Motor Hatch Latch Medium_SCI02-969,TorpedoMotorHatchLatchMedium.wav | Torpedoes;Space Doors Hatches & Airlocks;Metal Doors & Gates,Sci-Fi- II Sound Effects,0004.0,,0,0,
Torpedo Hatch,torpedo motor hatch latch short,BOATSub_Torpedo Motor Hatch Latch Short_SCI02-970,TorpedoMotorHatchLatchShortA.wav | Torpedoes;Space Doors Hatches & Airlocks;Metal Doors & Gates,Sci-Fi- II Sound Effects,0004.0,,0,0,
Torpedo Hatch,torpedo motor hatch latch short,BOATSub_Torpedo Motor Hatch Latch Short_SCI02-971,TorpedoMotorHatchLatchShortB.wav | Torpedoes;Space Doors Hatches & Airlocks;Metal Doors & Gates,Sci-Fi- II Sound Effects,0004.0,,0,0,
Torpedo Hatch,torpedo motor hatch latch short,BOATSub_Torpedo Motor Hatch Latch Short_SCI02-972,TorpedoMotorHatchLatchShortC.wav | Torpedoes;Space Doors Hatches & Airlocks;Metal Doors & Gates,Sci-Fi- II Sound Effects,0004.0,,0,0,
Torpedo Pass By,torpedo motor pass by multiple,BOATSub_Torpedo Motor Pass By Multiple_SCI02-973,TorpedoMotorPassByMultiple.wav | Torpedoes;Space Fly Bys & Rockets,Sci-Fi- II Sound Effects,0228.0,,0,0,
Torpedo Pass By,torpedo medium pass bys,BOATSub_Torpedo Medium Pass Bys_SCI02-956,TorpedoMediumPassBys.wav | Torpedoes;Space Fly Bys & Rockets,Sci-Fi- II Sound Effects,0120.0,,0,0,
Torpedo Pass By,torpedo fast pass bys,BOATSub_Torpedo Fast Pass Bys_SCI02-948,TorpedoFastPassBys.wav | Torpedoes;Space Fly Bys & Rockets,Sci-Fi- II Sound Effects,0059.0,,0,0,
Whoosh,whoosh flange blast ,DSGNWhsh_Whoosh Flange Blast_SCI02-1007,WhooshFlangeBlast.wav | Space Whooshes Swooshes & Warbles,Sci-Fi- II Sound Effects,0004.0,,0,0,
Whoosh,whoosh single,SWSH_Whoosh Single_SCI02-1021,WhooshSingle.wav | Space Whooshes Swooshes & Warbles,Sci-Fi- II Sound Effects,0000.0,,0,0,
Whoosh,whoosh sputter rasp ,DSGNWhsh_Whoosh Sputter Rasp_SCI02-1022,WhooshSputterRasp.wav | Space Whooshes Swooshes & Warbles,Sci-Fi- II Sound Effects,0004.0,,0,0,
Whoosh,whoosh suction,DSGNWhsh_Whoosh Suction_SCI02-1023,WhooshSuctionA.wav | Space Whooshes Swooshes & Warbles,Sci-Fi- II Sound Effects,0003.0,,0,0,
Whoosh,whoosh suction,DSGNWhsh_Whoosh Suction_SCI02-1024,WhooshSuctionB.wav | Space Whooshes Swooshes & Warbles,Sci-Fi- II Sound Effects,0003.0,,0,0,
Whoosh,whoosh suction,DSGNWhsh_Whoosh Suction_SCI02-1025,WhooshSuctionC.wav | Space Whooshes Swooshes & Warbles,Sci-Fi- II Sound Effects,0001.0,,0,0,
Whoosh,whoosh suction,DSGNWhsh_Whoosh Suction_SCI02-1026,WhooshSuctionD.wav | Space Whooshes Swooshes & Warbles,Sci-Fi- II Sound Effects,0002.0,,0,0,
Whoosh,whoosh sweep sting sizzle ,DSGNWhsh_Whoosh Sweep Sting Sizzle_SCI02-1027,WhooshSweepStingSizzle.wav | Space Whooshes Swooshes & Warbles,Sci-Fi- II Sound Effects,0009.0,,0,0,
Whoosh,whoosh wash double ,DSGNWhsh_Whoosh Wash Double_SCI02-1028,WhooshWashDouble.wav | Space Whooshes Swooshes & Warbles,Sci-Fi- II Sound Effects,0004.0,,0,0,
Whoosh,whoosh modulated ,DSGNWhsh_Whoosh Modulated_SCI02-1014,WhooshModulated.wav | Space Whooshes Swooshes & Warbles,Sci-Fi- II Sound Effects,0001.0,,0,0,
Whoosh,whoosh modulated short ,DSGNWhsh_Whoosh Modulated Short_SCI02-1015,WhooshModulatedShort.wav | Space Whooshes Swooshes & Warbles,Sci-Fi- II Sound Effects,0004.0,,0,0,
Whoosh Air,whoosh flange air a ,DSGNWhsh_Whoosh Flange Air_SCI02-982,WhooshFlangeAirA.wav | Space Whooshes Swooshes & Warbles,Sci-Fi- II Sound Effects,0004.0,,0,0,
Whoosh Air,whoosh flange air b ,DSGNWhsh_Whoosh Flange Air_SCI02-983,WhooshFlangeAirB.wav | Space Whooshes Swooshes & Warbles,Sci-Fi- II Sound Effects,0004.0,,0,0,
Whoosh Air,whoosh flange air multiple a ,DSGNWhsh_Whoosh Flange Air Multiple_SCI02-984,WhooshFlangeAirMultipleA.wav | Space Whooshes Swooshes & Warbles,Sci-Fi- II Sound Effects,0035.0,,0,0,
Whoosh Air,whoosh flange air multiple b ,DSGNWhsh_Whoosh Flange Air Multiple_SCI02-985,WhooshFlangeAirMultipleB.wav | Space Whooshes Swooshes & Warbles,Sci-Fi- II Sound Effects,0027.0,,0,0,
Whoosh Air,whoosh flange air multiple c ,DSGNWhsh_Whoosh Flange Air Multiple_SCI02-986,WhooshFlangeAirMultipleC.wav | Space Whooshes Swooshes & Warbles,Sci-Fi- II Sound Effects,0021.0,,0,0,
Whoosh Air,whoosh flange air multiple d ,DSGNWhsh_Whoosh Flange Air Multiple_SCI02-987,WhooshFlangeAirMultipleD.wav | Space Whooshes Swooshes & Warbles,Sci-Fi- II Sound Effects,0021.0,,0,0,
Whoosh Air,whoosh flange air multiple e ,DSGNWhsh_Whoosh Flange Air Multiple_SCI02-988,WhooshFlangeAirMultipleE.wav | Space Whooshes Swooshes & Warbles,Sci-Fi- II Sound Effects,0038.0,,0,0,
Whoosh Air,whoosh flange air multiple f ,DSGNWhsh_Whoosh Flange Air Multiple_SCI02-989,WhooshFlangeAirMultipleF.wav | Space Whooshes Swooshes & Warbles,Sci-Fi- II Sound Effects,0020.0,,0,0,
Whoosh Air,whoosh flange air multiple g ,DSGNWhsh_Whoosh Flange Air Multiple_SCI02-990,WhooshFlangeAirMultipleG.wav | Space Whooshes Swooshes & Warbles,Sci-Fi- II Sound Effects,0017.0,,0,0,
Whoosh Air,whoosh flange air multiple h ,DSGNWhsh_Whoosh Flange Air Multiple_SCI02-991,WhooshFlangeAirMultipleH.wav | Space Whooshes Swooshes & Warbles,Sci-Fi- II Sound Effects,0011.0,,0,0,
Whoosh Air,whoosh flange air multiple i ,DSGNWhsh_Whoosh Flange Air Multiple_SCI02-992,WhooshFlangeAirMultipleI.wav | Space Whooshes Swooshes & Warbles,Sci-Fi- II Sound Effects,0403.0,,0,0,
Whoosh Air,whoosh flange air multiple slow,DSGNWhsh_Whoosh Flange Air Multiple Slow_SCI02-993,WhooshFlangeAirMultipleSlow.wav | Space Whooshes Swooshes & Warbles,Sci-Fi- II Sound Effects,0035.0,,0,0,
Whoosh Air,whoosh flange air pitched a ,DSGNWhsh_Whoosh Flange Air Pitched_SCI02-994,WhooshFlangeAirPitchedA.wav | Space Whooshes Swooshes & Warbles,Sci-Fi- II Sound Effects,0005.0,,0,0,
Whoosh Air,whoosh flange air pitched b ,DSGNWhsh_Whoosh Flange Air Pitched_SCI02-995,WhooshFlangeAirPitchedB.wav | Space Whooshes Swooshes & Warbles,Sci-Fi- II Sound Effects,0000.0,,0,0,
Whoosh Air,whoosh flange air slide fly a ,DSGNWhsh_Whoosh Flange Air Slide Fly_SCI02-996,WhooshFlangeAirSlideFlyA.wav | Space Whooshes Swooshes & Warbles,Sci-Fi- II Sound Effects,0014.0,,0,0,
Whoosh Air,whoosh flange air slide fly b ,DSGNWhsh_Whoosh Flange Air Slide Fly_SCI02-997,WhooshFlangeAirSlideFlyB.wav | Space Whooshes Swooshes & Warbles,Sci-Fi- II Sound Effects,0019.0,,0,0,
Whoosh Air,whoosh flange air slide slow a ,DSGNWhsh_Whoosh Flange Air Slide Slow_SCI02-998,WhooshFlangeAirSlideSlowA.wav | Space Whooshes Swooshes & Warbles,Sci-Fi- II Sound Effects,0006.0,,0,0,
Whoosh Air,whoosh flange air slide slow b ,DSGNWhsh_Whoosh Flange Air Slide Slow_SCI02-999,WhooshFlangeAirSlideSlowB.wav | Space Whooshes Swooshes & Warbles,Sci-Fi- II Sound Effects,0006.0,,0,0,
Whoosh Air,whoosh flange air slide slow c ,DSGNWhsh_Whoosh Flange Air Slide Slow_SCI02-1000,WhooshFlangeAirSlideSlowC.wav | Space Whooshes Swooshes & Warbles,Sci-Fi- II Sound Effects,0013.0,,0,0,
Whoosh Air,whoosh flange air slide a ,DSGNWhsh_Whoosh Flange Air Slide Up_SCI02-1001,WhooshFlangeAirSlideUpA.wav | Space Whooshes Swooshes & Warbles,Sci-Fi- II Sound Effects,0010.0,,0,0,
Whoosh Air,whoosh flange air slide b ,DSGNWhsh_Whoosh Flange Air Slide Up_SCI02-1002,WhooshFlangeAirSlideUpB.wav | Space Whooshes Swooshes & Warbles,Sci-Fi- II Sound Effects,0008.0,,0,0,
Whoosh Air,whoosh flange air slide c ,DSGNWhsh_Whoosh Flange Air Slide Up_SCI02-1003,WhooshFlangeAirSlideUpC.wav | Space Whooshes Swooshes & Warbles,Sci-Fi- II Sound Effects,0008.0,,0,0,
Whoosh Air,whoosh flange air slide d ,DSGNWhsh_Whoosh Flange Air Slide Up_SCI02-1004,WhooshFlangeAirSlideUpD.wav | Space Whooshes Swooshes & Warbles,Sci-Fi- II Sound Effects,0009.0,,0,0,
Whoosh Air,whoosh flange air spiral ,DSGNWhsh_Whoosh Flange Air Spiral_SCI02-1005,WhooshFlangeAirSpiral.wav | Space Whooshes Swooshes & Warbles,Sci-Fi- II Sound Effects,0014.0,,0,0,
Whoosh Air,whoosh flange air stream ,DSGNWhsh_Whoosh Flange Air Stream_SCI02-1006,WhooshFlangeAirStream.wav | Space Whooshes Swooshes & Warbles,Sci-Fi- II Sound Effects,0010.0,,0,0,
Whoosh Fire,whoosh fire flame ,FIREWhsh_Whoosh Fire Flame_SCI02-981,WhooshFireFlame.wav | Space Whooshes Swooshes & Warbles;Fire Scenes Fires & Flames,Sci-Fi- II Sound Effects,0016.0,,0,0,
Whoosh High,tone hiss whoosh ,DSGNWhsh_Tone Hiss Whoosh_SCI02-794,ToneHissWhoosh.wav | Space Drones & Electronic Tones;Space Whooshes Swooshes & Warbles,Sci-Fi- II Sound Effects,0013.0,,0,0,
Whoosh Horror,whoosh breathy exhale eerie w,HMNBrth_Whoosh Breathy Exhale Eerie DACE_SCI02-980,WhooshBreathyExhaleEerie.wav  | Space Whooshes Swooshes & Warbles;Ghosts & Spirits,Sci-Fi- II Sound Effects,0003.0,,0,0,
Whoosh Music,whoosh harp sweep drama chord ,MUSCStngr_Whoosh Harp Sweep Drama Chord_SCI02-1008,WhooshHarpSweepDramaChord.wav | Space Whooshes Swooshes & Warbles;Harp Music;Drama Horror Mystery & Suspense Music,Sci-Fi- II Sound Effects,0008.0,,0,0,
Whoosh Music,whoosh musical screech ,DSGNWhsh_Whoosh Musical Screech_SCI02-1016,WhooshMusicalScreech.wav | Space Whooshes Swooshes & Warbles,Sci-Fi- II Sound Effects,0004.0,,0,0,
Whoosh Pass By,swish whoosh by,SWSH_Swish Whoosh By_SCI02-648,SwishWhooshByA.wav | Space Whooshes Swooshes & Warbles;Space Fly Bys & Rockets,Sci-Fi- II Sound Effects,0007.0,,0,0,
Whoosh Pass By,swish whoosh by,SWSH_Swish Whoosh By_SCI02-649,SwishWhooshByB.wav | Space Whooshes Swooshes & Warbles;Space Fly Bys & Rockets,Sci-Fi- II Sound Effects,0035.0,,0,0,
Whoosh Reverse,whoosh reverse suction ,DSGNWhsh_Whoosh Reverse Suction_SCI02-1017,WhooshReverseSuction.wav | Space Whooshes Swooshes & Warbles,Sci-Fi- II Sound Effects,0006.0,,0,0,
Whoosh Reverse,whoosh reverse suction high ,DSGNWhsh_Whoosh Reverse Suction High_SCI02-1018,WhooshReverseSuctionHigh.wav | Space Whooshes Swooshes & Warbles,Sci-Fi- II Sound Effects,0004.0,,0,0,
Whoosh Reverse,whoosh reverse suction long ,DSGNWhsh_Whoosh Reverse Suction Long_SCI02-1019,WhooshReverseSuctionLong.wav | Space Whooshes Swooshes & Warbles,Sci-Fi- II Sound Effects,0008.0,,0,0,
Whoosh Reverse,whoosh reverse suction short ,DSGNWhsh_Whoosh Reverse Suction Short_SCI02-1020,WhooshReverseSuctionShort.wav | Space Whooshes Swooshes & Warbles,Sci-Fi- II Sound Effects,0004.0,,0,0,
Whoosh Short,whoosh blast short a ,DSGNWhsh_Whoosh Blast Short_SCI02-977,WhooshBlastShortA.wav | Space Whooshes Swooshes & Warbles;Space Explosions,Sci-Fi- II Sound Effects,0004.0,,0,0,
Whoosh Short,whoosh blast short b ,DSGNWhsh_Whoosh Blast Short_SCI02-978,WhooshBlastShortB.wav | Space Whooshes Swooshes & Warbles;Space Explosions,Sci-Fi- II Sound Effects,0002.0,,0,0,
Whoosh Short,whoosh blast short c ,DSGNWhsh_Whoosh Blast Short_SCI02-979,WhooshBlastShortC.wav | Space Whooshes Swooshes & Warbles;Space Explosions,Sci-Fi- II Sound Effects,0004.0,,0,0,
Whoosh Spin,tone disc throw spin whoosh,DSGNWhsh_Tone Disc Throw Spin Whoosh_SCI02-775,ToneDiscThrowSpinWhoosh.wav | Space Drones & Electronic Tones;Computer Storage Drives,Sci-Fi- II Sound Effects,0035.0,,0,0,
Whoosh Weapon,whoosh laser light a ,LASRMisc_Whoosh Laser Light_SCI02-1009,WhooshLaserLightA.wav | Space Lasers Rays & Photons;Space Whooshes Swooshes & Warbles,Sci-Fi- II Sound Effects,0004.0,,0,0,
Whoosh Weapon,whoosh laser light b ,LASRMisc_Whoosh Laser Light_SCI02-1010,WhooshLaserLightB.wav | Space Lasers Rays & Photons;Space Whooshes Swooshes & Warbles,Sci-Fi- II Sound Effects,0004.0,,0,0,
Whoosh Weapon,whoosh laser light c ,LASRMisc_Whoosh Laser Light_SCI02-1011,WhooshLaserLightC.wav | Space Lasers Rays & Photons;Space Whooshes Swooshes & Warbles,Sci-Fi- II Sound Effects,0004.0,,0,0,
Whoosh Weapon,whoosh laser light d ,LASRMisc_Whoosh Laser Light_SCI02-1012,WhooshLaserLightD.wav | Space Lasers Rays & Photons;Space Whooshes Swooshes & Warbles,Sci-Fi- II Sound Effects,0003.0,,0,0,
Whoosh Weapon,whoosh laser light long ,LASRMisc_Whoosh Laser Light Long_SCI02-1013,WhooshLaserLightLong.wav | Space Lasers Rays & Photons;Space Whooshes Swooshes & Warbles,Sci-Fi- II Sound Effects,0011.0,,0,0,
Wind Sci Fi,wind spiral space white noise,SCIEnrg_Wind Spiral Space White Noise_SCI02-1029,WindSpiralSpaceWhiteNoise.wav | Space Drones & Electronic Tones;Wind,Sci-Fi- II Sound Effects,0011.0,,0,0,
Wind Storm,ambience wind storm ,WINDTurb_Ambience Wind Storm_SCI02-014,AmbienceWindStorm.wav | Wind,Sci-Fi- II Sound Effects,0102.0,,0,0,
